Date,8035_Open,8035_High,8035_Low,8035_Close,4186_Open,4186_High,4186_Low,4186_Close,5803_Open,5803_High,5803_Low,5803_Close,6508_Open,6508_High,6508_Low,6508_Close,6504_Open,6504_High,6504_Low,6504_Close,5016_Open,5016_High,5016_Low,5016_Close,6920_Open,6920_High,6920_Low,6920_Close,6857_Open,6857_High,6857_Low,6857_Close,5801_Open,5801_High,5801_Low,5801_Close,5802_Open,5802_High,5802_Low,5802_Close
2025-03-03,21712.25,21760.58,21335.32,21630.1,3510.63,3518.48,3448.78,3449.76,1025.53,1037.26,1001.75,1010.22,4486.91,4515.7,4400.53,4515.7,6459.35,6463.23,6347.92,6386.68,,,,,13218.82,13248.23,12851.08,13017.79,8277.96,8295.85,7979.8,8078.19,615.53,615.53,603.3,604.66,634.33,637.55,626.56,630.62
2025-03-04,21001.88,21808.9,20881.07,21697.76,3399.69,3407.55,3259.31,3282.87,961.35,970.31,921.28,946.04,4448.51,4448.51,4309.35,4347.74,6289.78,6323.69,6170.59,6282.03,,,,,12527.47,12885.4,12498.06,12738.31,7454.04,7753.19,7349.68,7728.35,571.16,572.81,536.78,551.54,619.16,620.95,601.13,609.61
2025-03-05,21688.09,21881.39,21296.66,21296.66,3259.31,3293.67,3247.53,3266.18,962.33,1020.15,956.95,1016.24,4347.74,4395.73,4318.95,4333.34,6327.57,6373.11,6280.09,6352.76,,,,,12851.08,13566.94,12802.05,13331.59,7737.29,7906.25,7692.57,7705.49,569.6,587.08,566.21,575.82,612.35,622.86,612.35,618.68
2025-03-06,21446.47,21562.45,20827.91,21050.21,3288.76,3373.19,3276.98,3335.88,1026.67,1028.95,978.45,998.49,4323.74,4434.12,4318.95,4357.34,6431.25,6456.45,6371.17,6438.04,,,,,13444.36,13856.22,13307.07,13375.71,7854.57,7929.11,7590.2,7640.89,579.61,582.23,545.43,555.82,626.44,637.19,622.86,630.27
2025-03-07,20431.65,20552.46,20281.85,20407.49,3248.51,3276.98,3202.37,3232.8,964.77,983.5,945.39,952.72,4290.15,4410.12,4290.15,4314.15,6346.95,6430.28,6311.1,6406.06,,,,,13159.98,13767.97,13110.95,13562.03,7435.15,7577.28,7394.41,7461.99,546.11,551.54,534.94,537.46,624.3,644.72,622.15,639.46
2025-03-10,20296.34,20953.55,20296.34,20755.42,3240.65,3288.76,3233.78,3267.16,950.6,956.63,928.61,940.34,4333.34,4371.73,4098.2,4098.2,6416.72,6447.72,6331.44,6365.36,,,,,13606.16,14915.29,13552.23,14915.29,7503.73,7751.21,7424.22,7741.27,547.17,569.51,534.26,566.59,640.06,643.76,626.92,626.92
2025-03-11,20301.17,20653.94,19943.57,20653.94,3191.57,3213.17,3108.12,3190.59,883.33,923.24,857.27,921.44,3896.65,3983.03,3848.66,3939.84,6174.47,6247.14,6147.33,6240.36,,,,,14576.98,15194.77,14263.18,14856.46,7443.1,7872.46,7359.62,7872.46,537.46,543.68,523.87,542.9,600.05,603.88,584.17,601.73
2025-03-12,20537.97,20813.42,20421.99,20620.12,3155.25,3221.02,3146.41,3194.51,916.56,950.11,916.56,930.24,3930.24,4155.79,3930.24,4122.19,6201.6,6326.6,6186.09,6276.21,,,,,14493.63,14606.4,14042.54,14062.15,7757.17,7785.99,7494.79,7506.71,545.62,557.37,534.65,534.65,605.43,637.19,605.43,630.74
2025-03-13,20968.05,21103.36,20576.62,20605.62,3263.23,3360.42,3242.62,3288.76,955.33,969.82,934.96,936.43,4170.18,4222.97,4088.6,4107.8,6330.48,6398.31,6202.57,6239.39,,,,,14292.6,14454.4,14047.44,14086.67,7752.2,7999.67,7724.37,7782.02,543.78,550.09,533.58,536.69,630.27,638.15,624.3,624.3
2025-03-14,20310.84,20832.75,20262.52,20760.26,3259.31,3345.7,3255.38,3329.99,936.43,1012.66,934.8,1011.85,4103.0,4174.98,4088.6,4146.19,6249.08,6317.88,6225.82,6301.41,,,,,14042.54,14258.28,13973.9,14228.86,7728.35,8248.14,7726.36,8194.47,535.23,573.97,532.61,567.57,624.41,636.83,623.1,634.09
2025-03-17,21117.86,21475.46,21030.88,21219.34,3345.7,3372.21,3310.36,3329.99,1029.44,1029.44,989.37,998.0,4174.98,4309.35,4155.79,4189.38,6356.64,6384.74,6300.44,6328.54,,,,,14420.08,14493.63,14150.41,14184.73,8343.55,8459.84,8202.42,8418.09,582.23,582.23,556.2,564.26,644.83,646.98,630.39,631.1
2025-03-18,21659.1,21707.42,21427.14,21581.78,3369.26,3382.02,3312.32,3363.37,1012.01,1032.53,992.79,1009.57,4256.56,4270.96,4174.98,4213.37,6362.45,6396.37,6334.35,6372.14,,,,,14366.15,14650.53,14228.86,14297.5,8522.45,8730.17,8495.62,8650.66,567.86,582.42,562.03,578.83,635.28,643.64,633.13,639.82
2025-03-19,21543.12,21905.55,21456.13,21456.13,3331.95,3386.93,3326.06,3326.06,1004.52,1010.22,953.7,955.98,4222.97,4328.54,4213.37,4213.37,6361.48,6395.4,6338.23,6356.64,818.31,857.14,817.34,848.41,14184.73,14371.05,14062.15,14062.15,8419.09,8446.91,8232.24,8232.24,569.12,572.71,554.55,556.2,642.45,663.1,642.45,648.54
2025-03-21,21330.49,21842.73,21330.49,21615.61,3313.3,3317.23,3261.27,3285.81,970.31,996.86,963.47,970.64,4213.37,4381.33,4213.37,4251.76,6366.33,6420.59,6298.5,6302.38,881.41,938.68,878.5,929.95,13934.67,14052.35,13684.61,13714.03,8281.93,8371.38,8048.37,8048.37,556.3,562.32,553.0,553.97,655.1,675.4,653.91,664.3
2025-03-24,21639.77,21639.77,21407.81,21446.47,3307.41,3315.27,3274.03,3274.03,987.41,1006.47,974.55,996.37,4424.52,4515.7,4333.34,4362.14,6317.88,6438.03,6286.87,6402.18,961.98,1009.55,929.95,936.74,13650.29,13792.48,13581.65,13767.96,8147.76,8214.35,7955.94,7955.94,551.25,553.78,546.3,546.3,675.88,676.72,661.91,666.69
2025-03-25,22007.03,22238.99,21504.46,21562.45,3328.03,3351.59,3290.72,3327.05,1040.51,1073.25,1003.38,1011.85,4395.73,4501.3,4318.95,4342.94,6499.08,6616.33,6424.47,6514.59,961.98,961.98,900.83,907.62,13900.35,14111.18,13630.68,13679.71,8080.18,8099.06,7668.71,7684.62,560.96,564.75,542.42,544.07,690.57,701.56,662.03,664.9
2025-03-26,22045.69,22108.51,21746.08,21910.38,3327.05,3336.86,3283.85,3315.27,1037.58,1043.61,1005.82,1021.46,4386.13,4414.92,4333.34,4395.73,6546.56,6581.45,6497.14,6569.82,900.83,937.71,889.18,915.39,13836.61,13924.87,13615.97,13714.03,7757.17,7797.92,7575.29,7733.31,546.98,549.7,536.78,547.95,664.3,664.66,657.85,660.36
2025-03-27,21659.1,21833.06,21427.14,21543.12,3249.49,3253.42,3212.18,3249.49,982.04,982.04,944.74,949.79,4347.74,4395.73,4280.56,4362.14,6471.95,6553.35,6450.63,6553.35,907.62,918.3,891.12,902.77,13532.62,13689.52,13444.36,13513.0,7435.15,7435.15,7157.86,7157.86,533.29,533.29,513.67,521.93,636.48,660.36,635.76,644.48
2025-03-28,21393.04,21422.47,20878.08,21113.49,3224.95,3240.65,3176.84,3192.55,922.35,948.72,921.37,937.68,4399.33,4414.01,4267.2,4379.75,6581.8,6581.8,6414.98,6464.04,910.69,940.38,898.81,905.74,13380.62,13419.84,13120.75,13169.78,7056.21,7153.88,6901.73,6984.45,521.43,526.89,512.89,520.14,645.09,648.14,632.5,639.96
2025-03-31,20166.94,20255.22,19715.73,19725.54,3108.12,3112.05,3034.49,3040.38,889.73,901.92,861.06,889.4,4247.63,4267.2,4144.86,4223.16,6211.84,6259.93,6132.35,6178.48,877.03,897.82,873.07,880.0,12777.53,12855.98,12390.19,12434.32,6635.62,6682.47,6429.32,6450.25,496.5,505.04,486.77,489.65,605.99,613.08,600.13,602.57
2025-04-01,19804.01,20049.23,19568.6,19862.87,3062.96,3086.52,3041.37,3056.09,897.97,902.75,859.74,861.88,4228.05,4228.05,4012.73,4032.31,6210.86,6255.02,6172.59,6186.33,888.91,908.71,852.28,854.26,12522.57,12841.27,12444.12,12625.54,6463.21,6487.13,6205.08,6261.88,493.32,495.01,482.3,487.86,602.57,603.3,585.59,587.66
2025-04-02,19960.95,20451.4,19926.62,20245.41,3075.73,3131.68,3063.95,3101.25,870.45,889.24,853.32,881.99,4091.03,4125.29,4017.63,4100.82,6113.71,6181.42,6032.26,6061.7,857.23,863.17,829.52,856.24,12551.99,12596.12,12287.22,12287.22,6355.57,6464.2,6265.87,6421.35,485.87,508.02,481.9,501.57,592.55,595.0,583.76,589.5
2025-04-03,18872.17,19548.98,18803.51,19499.94,2945.16,2979.52,2912.76,2943.19,816.08,840.3,795.48,806.03,3900.18,3929.54,3787.63,3841.46,5748.65,5876.23,5748.65,5864.45,804.77,855.25,804.77,835.46,11640.01,12100.9,11630.2,11929.29,6022.69,6243.94,6004.75,6131.32,470.78,478.72,459.16,462.53,551.75,564.21,546.12,554.31
2025-04-04,19166.44,19323.38,18244.41,18597.53,2856.8,2879.38,2742.43,2782.68,762.86,765.17,690.69,707.17,3635.93,3635.93,3376.57,3503.8,5620.1,5662.3,5301.16,5421.87,813.68,822.59,759.24,789.92,11669.43,11738.07,11076.15,11404.66,5969.87,6003.76,5424.71,5635.0,443.96,447.24,416.65,431.74,531.71,536.23,499.7,510.08
2025-04-07,16243.41,17312.57,16243.41,16733.85,2539.22,2600.57,2473.44,2527.93,591.84,624.95,591.84,592.0,3024.23,3229.76,3024.23,3063.38,4583.81,4888.02,4533.76,4752.6,676.09,700.83,643.42,645.4,10144.56,10899.64,10046.49,10379.91,4728.06,5223.39,4687.19,5017.08,362.22,389.83,362.22,372.95,397.68,444.47,395.85,427.61
2025-04-08,17381.23,18504.35,17342.0,18195.37,2615.79,2775.32,2615.79,2767.96,684.27,707.34,684.1,707.34,3219.97,3386.36,3219.97,3352.1,5056.81,5408.13,4990.08,5406.17,732.51,744.39,719.64,744.39,10674.09,11340.92,10659.38,11237.95,5615.07,5716.72,5433.68,5610.08,414.66,427.97,412.68,424.1,476.48,493.96,472.58,490.66
2025-04-09,17459.71,17606.84,16782.9,17086.97,2652.11,2655.55,2527.93,2584.87,661.2,668.12,634.67,660.71,3215.08,3215.08,3107.42,3146.57,5239.34,5320.79,5117.66,5227.56,737.46,751.32,704.79,735.48,10556.42,10615.26,10075.91,10286.75,5217.41,5281.19,5025.06,5172.56,397.18,399.57,385.76,394.2,460.48,466.47,450.34,456.45
2025-04-10,19833.44,19862.87,18940.84,19289.05,2928.47,2928.96,2819.99,2843.06,776.04,776.04,776.04,776.04,3557.63,3577.21,3479.33,3513.59,6005.76,6005.76,5746.69,5806.55,839.42,840.41,785.96,821.6,11890.07,12051.87,11586.08,11880.26,5969.87,6116.38,5784.49,5883.16,442.87,453.4,436.81,448.63,544.41,544.41,514.36,525.23
2025-04-11,18234.6,19387.14,18062.95,19264.53,2721.33,2809.19,2678.62,2808.7,741.44,772.42,717.88,767.97,3239.55,3440.19,3229.76,3420.61,5512.15,5914.5,5455.23,5885.06,810.71,839.42,796.85,837.44,11169.31,11752.78,10987.9,11728.27,5384.84,5649.95,5351.95,5613.07,413.87,423.9,408.5,419.93,476.97,503.0,471.6,500.8
2025-04-14,19853.06,20265.03,19333.19,19524.46,2953.01,2973.63,2903.93,2920.12,788.23,801.91,766.32,766.65,3464.65,3513.59,3391.25,3391.25,5974.36,6041.09,5888.0,5960.62,851.29,855.25,828.53,834.47,12022.45,12238.19,11792.01,11826.33,5812.4,5967.88,5743.63,5889.14,432.54,437.6,426.38,429.36,502.63,513.99,497.87,498.6
2025-04-15,19617.64,19833.44,19548.98,19607.84,2960.86,2986.39,2927.0,2933.87,771.92,791.53,761.05,775.88,3401.04,3538.06,3401.04,3474.44,6134.32,6155.91,6005.76,6005.76,836.45,843.37,819.62,821.6,11850.85,11875.36,11669.43,11718.46,5930.0,5938.97,5780.51,5783.5,435.92,437.9,428.17,428.17,510.69,536.35,509.72,524.87
2025-04-16,19509.75,19617.65,19053.64,19313.57,2893.13,2893.13,2819.99,2834.22,771.43,782.63,741.28,752.15,3459.76,3494.01,3337.42,3381.46,6023.43,6062.68,5765.34,5794.78,821.6,823.58,801.8,815.66,11630.2,11993.03,11301.69,11669.43,5502.45,5569.22,5332.02,5404.77,428.27,428.86,412.18,415.16,520.47,520.47,499.45,503.85
2025-04-17,19333.19,19534.27,18823.13,19431.28,2832.75,2866.13,2802.32,2849.44,749.35,763.52,738.15,758.74,3503.8,3542.95,3435.29,3503.8,5793.79,5903.7,5742.76,5862.49,812.69,827.54,811.7,821.6,11762.59,12174.45,11684.14,12154.84,5461.58,5611.08,5440.65,5593.14,408.21,416.85,401.45,411.38,500.31,509.47,495.54,507.03
2025-04-18,19225.29,19367.52,18940.84,19141.92,2831.77,2847.48,2803.79,2820.48,749.02,775.22,747.04,771.92,3503.8,3533.16,3469.55,3474.44,5888.0,5935.11,5824.22,5831.08,831.5,838.43,813.68,831.5,11875.36,12164.64,11845.94,12042.07,5494.47,5575.2,5423.71,5466.57,408.21,417.05,405.62,412.48,503.12,506.42,500.19,502.39
2025-04-21,18999.69,19264.53,18881.98,19058.54,2795.45,2817.53,2756.67,2777.28,767.8,775.55,748.2,750.34,3420.61,3430.4,3356.99,3386.36,5780.05,5821.27,5738.84,5815.38,835.46,835.46,808.73,808.73,11997.94,12282.32,11909.68,11983.23,5413.74,5511.42,5364.91,5417.73,406.82,407.81,396.88,399.27,496.77,497.01,480.88,488.09
2025-04-22,18970.26,19112.49,18725.04,18813.32,2758.63,2790.54,2749.8,2783.66,738.81,745.56,725.46,730.24,3327.63,3381.46,3298.27,3376.57,5762.39,5827.16,5724.12,5750.62,803.78,815.66,801.8,813.68,12022.45,12091.1,11576.27,11630.2,5416.73,5456.6,5326.04,5372.88,393.41,402.05,392.02,401.25,487.6,495.06,484.67,491.88
2025-04-23,19578.41,19602.93,19097.78,19274.34,2881.84,2898.03,2830.79,2858.28,760.88,774.07,751.82,773.74,3513.59,3547.84,3454.87,3494.01,5946.88,6035.2,5907.63,5974.36,828.53,830.51,814.67,817.64,11963.62,12189.16,11909.68,12115.61,5581.18,5644.97,5453.61,5539.32,417.24,422.01,412.68,415.95,513.14,515.21,502.63,508.49
2025-04-24,19799.11,20162.04,19730.45,19995.29,2907.36,2953.99,2881.35,2921.1,795.98,808.17,789.22,798.45,3631.03,3738.69,3616.35,3679.97,6113.71,6197.12,6056.79,6056.79,818.63,823.58,805.76,809.72,12360.77,12365.67,12189.16,12218.58,5729.68,5762.57,5660.91,5714.73,424.59,432.44,419.73,422.11,532.81,552.36,527.8,533.66
2025-04-25,20838.84,20956.55,20417.06,20843.75,3039.4,3090.45,3011.91,3081.62,832.06,877.04,823.33,868.64,3748.48,3900.18,3728.91,3836.56,6154.92,6281.52,6149.04,6203.99,814.67,818.63,804.77,806.75,12498.06,12929.53,12483.35,12919.72,5972.86,6005.75,5863.23,5979.84,437.9,446.44,435.82,444.66,540.63,549.67,538.79,542.83
2025-04-28,21216.48,21231.2,20706.43,20794.71,3081.62,3125.79,3067.87,3067.87,877.37,877.7,847.72,858.26,3865.93,3870.82,3772.95,3797.42,6200.07,6304.09,5895.85,5933.14,810.71,812.69,799.82,801.8,12973.66,12978.56,12512.76,12635.34,6079.5,6082.49,5635.0,5690.81,451.61,451.71,439.0,442.37,560.79,567.14,549.42,551.38
2025-04-30,20598.53,20824.13,20387.64,20819.22,3038.42,3079.65,3033.51,3079.65,840.3,866.0,837.5,864.52,3797.42,3856.14,3758.27,3836.56,6020.48,6235.39,6017.54,6204.97,810.61,811.7,779.13,786.75,12086.19,13091.33,12042.07,13032.5,5670.88,5843.3,5622.04,5843.3,437.21,443.56,436.21,443.56,557.12,562.62,552.23,559.32
2025-05-01,21118.4,21152.73,20176.75,20804.51,3053.15,3176.84,3052.16,3148.37,878.03,921.37,868.31,915.43,3846.35,3939.33,3836.56,3880.61,6241.28,6350.21,6231.47,6283.48,780.02,787.64,764.38,780.02,12944.24,13385.52,12846.18,13003.08,6037.64,6257.9,5942.96,6245.94,446.34,449.62,439.29,444.06,558.83,577.4,555.29,573.74
2025-05-02,21285.15,21466.61,20588.72,20735.85,3175.86,3212.18,3139.54,3191.57,916.26,922.52,890.55,910.98,3968.69,4002.95,3875.71,3939.33,6334.51,6344.32,6203.99,6247.17,782.0,789.92,770.42,783.98,13061.92,13194.3,12826.57,12973.66,6315.7,6326.67,6115.38,6315.7,443.66,444.95,433.14,439.0,578.75,578.87,565.92,571.66
2025-05-07,21142.92,21520.56,20902.6,21486.23,3189.61,3197.46,3153.28,3153.28,921.04,936.52,910.98,935.21,4002.95,4071.46,3973.59,4061.67,6342.36,6352.17,6094.08,6146.09,784.48,795.86,778.14,792.5,12870.69,13155.07,12846.18,13155.07,6316.7,6355.57,6219.03,6328.66,439.49,446.84,437.6,445.75,578.75,582.17,569.46,579.23
2025-05-08,21868.77,22138.51,21574.51,21927.62,3194.51,3224.95,3174.88,3174.88,951.52,972.11,942.95,971.95,4007.84,4076.35,3958.9,4076.35,6182.4,6208.9,6123.52,6172.59,792.4,797.74,788.44,790.42,13424.75,13895.45,13361.01,13684.61,6518.02,6601.74,6401.41,6564.86,451.91,472.37,444.95,470.38,582.53,589.13,574.84,586.44
2025-05-09,22290.55,22315.07,21731.45,22123.8,3237.71,3275.01,3233.78,3248.51,983.65,994.69,969.15,987.77,4076.35,4188.9,4061.67,4174.22,6338.43,6520.96,6289.37,6478.76,794.47,803.78,782.99,799.03,13915.06,13934.67,13562.03,13807.19,6764.19,6765.19,6622.67,6672.5,477.73,485.18,471.87,477.23,598.66,601.1,592.67,596.58
2025-05-12,22383.73,22619.14,22118.89,22452.39,3299.56,3598.0,3276.98,3517.5,991.06,1015.45,989.41,997.82,4203.58,4272.09,4198.69,4257.41,6512.13,6665.22,6482.69,6628.91,769.83,811.7,767.25,811.7,13939.57,14493.63,13841.51,14488.72,6717.35,7275.47,6706.39,7275.47,478.82,493.62,477.93,488.66,605.75,606.24,594.14,601.59
2025-05-13,23541.17,23791.3,23163.53,23541.17,3654.94,3671.63,3489.03,3517.5,1021.54,1026.81,942.95,946.24,4306.35,4321.03,4154.65,4257.41,6771.2,6818.31,6650.5,6681.9,816.75,819.62,792.2,803.09,14905.49,15180.06,14527.95,14645.62,7534.59,7553.53,7123.98,7123.98,512.49,558.18,477.53,556.29,618.21,653.52,592.8,643.25
2025-05-14,23992.38,24090.47,23359.71,23761.87,3535.17,3573.46,3498.85,3504.74,979.2,1010.01,956.79,993.04,4188.9,4203.58,3914.86,4154.65,6657.37,6666.2,6387.5,6465.03,805.76,809.52,782.7,790.71,14856.46,15332.06,14787.81,15322.25,7339.25,7542.57,7329.29,7470.81,551.23,569.01,533.35,557.09,655.47,666.47,638.49,649.12
2025-05-15,23497.04,23756.97,23349.9,23668.69,3495.9,3553.82,3480.19,3497.87,976.56,990.4,946.24,949.05,4193.8,4228.05,4091.03,4130.18,6396.33,6423.81,6314.88,6372.78,788.34,803.78,784.28,803.78,15209.48,15361.48,14851.55,15003.55,7397.06,7469.81,7305.37,7388.09,551.23,569.8,547.75,551.13,646.31,661.34,637.39,648.87
2025-05-16,23354.81,23438.18,22874.17,23016.4,3465.47,3483.14,3374.17,3405.58,939.49,956.13,932.9,953.16,4159.54,4184.01,4002.95,4066.56,6348.25,6371.8,6188.29,6233.43,797.84,804.57,782.99,796.26,14861.36,14979.03,14420.08,14532.85,7330.28,7361.18,7160.85,7248.56,547.95,550.13,529.97,535.63,653.15,653.15,636.41,648.75
2025-05-19,22619.14,22864.36,22511.25,22624.05,3421.29,3441.91,3379.08,3380.06,943.28,980.19,941.96,954.65,4037.2,4100.82,4022.52,4086.14,6261.89,6314.88,6165.72,6209.88,787.94,800.12,786.46,792.89,14371.05,14493.63,13782.67,13782.67,7108.03,7233.61,7026.31,7042.25,525.7,536.63,523.02,527.89,642.4,648.26,636.78,636.78
2025-05-20,22702.52,23173.34,22697.61,22898.7,3407.55,3568.55,3405.58,3490.99,959.59,1014.29,952.67,1008.69,4095.92,4174.22,4051.88,4086.14,6167.68,6249.13,6123.52,6152.96,798.83,800.81,785.27,786.95,14003.31,14238.66,13885.64,13885.64,7102.05,7333.27,7069.16,7250.55,533.45,571.29,530.67,566.03,654.86,659.26,645.58,648.39
2025-05-21,22805.51,23001.69,22712.33,22800.61,3487.07,3504.74,3408.53,3417.36,1005.07,1014.95,983.65,998.31,4110.61,4120.39,4037.2,4051.88,6287.4,6334.51,6226.56,6226.56,786.95,786.95,773.19,779.03,14013.12,14111.18,13826.8,13875.83,7125.97,7173.81,6986.44,6986.44,566.22,572.98,553.81,556.49,642.64,648.26,633.97,641.3
2025-05-22,22334.69,22393.54,21947.24,22246.41,3362.39,3416.38,3342.75,3398.71,968.82,991.06,951.85,981.67,3988.27,4051.88,3973.59,4027.41,6128.43,6318.81,6096.04,6317.83,777.15,803.78,775.17,799.03,13738.55,14042.54,13689.52,13919.96,6777.15,6835.95,6731.3,6761.2,570.4,621.25,557.78,619.56,633.85,663.66,626.03,658.04
2025-05-23,22560.29,22565.2,22270.93,22319.98,3384.97,3433.07,3383.99,3433.07,985.62,1034.39,985.46,1029.29,4042.1,4130.18,4027.41,4095.92,6378.67,6388.48,6289.37,6331.56,797.84,798.93,789.92,791.9,14003.31,14204.34,13866.03,13885.64,6833.96,6938.6,6788.11,6792.1,618.07,650.55,617.08,647.37,703.73,710.94,689.56,689.8
2025-05-26,22373.92,23094.87,22369.02,22908.5,3399.69,3507.68,3395.77,3466.45,1038.02,1046.75,1019.07,1039.34,4081.24,4130.18,4061.67,4091.03,6350.21,6567.08,6345.3,6536.66,796.75,801.7,789.43,790.02,13851.32,14576.98,13846.41,14576.98,6811.03,7104.05,6808.04,7077.14,650.05,653.33,633.17,645.38,692.98,693.22,680.15,690.78
2025-05-27,22903.6,22903.6,22511.25,22751.56,3484.12,3500.81,3440.93,3484.12,1047.41,1068.01,1031.76,1068.01,4110.61,4154.65,4100.82,4154.65,6565.12,6638.72,6473.86,6528.81,791.9,795.76,785.66,792.1,14689.75,14699.56,14351.44,14400.47,7076.14,7118.0,6986.44,7117.0,654.02,670.31,649.55,664.95,693.96,703.49,693.22,699.21
2025-05-28,23188.06,23305.76,22702.52,22722.14,3544.01,3544.01,3483.14,3483.14,1087.61,1111.01,1068.5,1073.28,4179.12,4247.63,4159.54,4169.33,6552.36,6552.36,6337.45,6337.45,793.88,812.69,786.16,788.34,14694.65,14876.07,14513.24,14709.36,7265.5,7409.02,7190.75,7230.62,674.88,679.35,657.9,662.76,711.06,721.94,706.05,706.05
2025-05-29,23570.6,23688.31,23163.53,23688.31,3573.46,3679.48,3573.46,3673.59,1112.16,1150.06,1100.79,1132.76,4237.84,4276.99,4188.9,4257.41,6400.26,6469.93,6363.95,6469.93,788.34,792.69,782.6,784.28,15052.58,15341.87,14763.3,14974.13,7594.39,7625.29,7342.24,7617.31,678.95,693.06,669.42,692.56,736.23,745.76,724.5,744.78
2025-05-30,23050.73,23227.29,22560.29,22560.29,3696.17,3718.75,3667.7,3675.56,1100.63,1114.63,1090.41,1106.89,4208.48,4286.77,4203.58,4276.99,6319.79,6346.28,6270.72,6308.99,781.61,784.18,776.66,776.85,14728.98,14743.69,14233.76,14322.02,7387.09,7387.09,7268.49,7342.24,676.07,688.88,673.49,683.12,733.05,744.54,732.93,741.85
2025-06-02,22579.91,22609.34,22084.56,22172.84,3657.89,3680.46,3640.21,3655.92,1099.31,1125.01,1088.44,1121.72,4208.48,4242.73,4188.9,4223.16,6228.52,6243.24,6145.11,6184.36,772.1,773.29,762.3,762.8,14219.05,14356.34,13856.22,13856.22,7192.75,7209.69,7059.2,7066.17,671.11,692.86,663.76,674.09,731.59,744.54,730.85,736.47
2025-06-03,22266.03,22437.68,21971.76,21971.76,3637.27,3776.67,3613.71,3738.39,1129.46,1135.56,1101.95,1101.95,4389.54,4443.37,4306.35,4389.54,6211.84,6362.97,6197.12,6250.11,766.16,766.56,757.26,757.26,14022.93,14140.6,13856.22,13910.16,7151.88,7345.23,7138.93,7252.54,677.36,689.78,669.12,673.19,728.78,734.03,723.28,725.6
2025-06-04,22300.36,22383.73,22035.52,22069.85,3763.91,3793.36,3713.84,3729.55,1127.65,1131.44,1091.07,1103.76,4443.37,4590.18,4443.37,4551.03,6434.6,6569.05,6337.45,6454.23,757.26,762.2,752.5,756.07,14204.34,14268.08,13674.8,13674.8,7475.79,7559.51,7318.32,7392.07,691.07,722.36,689.98,715.7,733.05,738.19,726.58,731.59
2025-06-05,22167.94,22972.26,22109.09,22903.6,3701.08,3740.35,3677.52,3702.06,1098.98,1133.42,1097.66,1132.1,4502.09,4580.39,4487.41,4575.5,6422.83,6604.38,6422.83,6472.88,752.5,761.81,752.5,756.76,13777.77,14488.72,13748.35,14444.6,7524.63,7820.63,7489.74,7729.93,716.4,727.52,706.66,710.34,726.94,732.81,718.39,721.81
2025-06-06,23148.82,23271.43,22962.45,23197.87,3676.54,3719.73,3672.61,3694.21,1125.34,1147.09,1125.34,1136.71,4599.96,4751.66,4580.39,4692.94,6447.36,6486.62,6387.5,6408.11,756.66,758.44,735.48,739.44,14346.53,14415.18,14042.54,14243.57,7644.22,7902.35,7640.24,7902.35,703.19,719.28,697.03,697.03,725.36,734.52,723.89,726.33
2025-06-09,23658.88,23663.78,23266.53,23398.95,3740.35,3744.28,3686.36,3694.21,1151.21,1171.48,1143.63,1164.89,4717.41,4741.88,4663.58,4722.3,6461.1,6466.99,6379.65,6457.18,739.24,744.49,729.84,740.33,14483.82,14797.62,14356.34,14601.5,8120.62,8336.89,8082.75,8286.06,708.15,716.89,701.5,701.99,731.1,737.21,728.41,737.21
2025-06-10,23541.17,23747.16,23197.87,23286.14,3732.5,3821.83,3725.62,3740.35,1166.54,1172.8,1132.1,1133.42,4854.43,4932.73,4790.81,4839.75,6533.72,6633.82,6514.09,6543.53,742.41,770.92,742.31,764.38,14787.81,14974.13,14601.49,14611.3,8421.6,8647.84,8272.11,8276.09,715.7,723.65,695.24,695.24,737.94,740.38,729.75,732.2
2025-06-11,23756.97,24404.35,23639.26,24404.35,3946.51,4000.51,3795.33,3795.33,1144.79,1146.43,1100.63,1100.63,4888.68,4932.73,4795.71,4810.39,6574.94,6612.23,6481.71,6571.99,771.91,775.07,761.31,774.08,14905.49,15194.77,14807.43,15018.26,8521.27,8634.88,8278.09,8312.97,702.19,716.0,671.31,674.68,730.61,734.52,710.57,713.38
2025-06-12,24213.08,24571.1,24124.8,24522.06,3781.58,3837.54,3781.58,3787.47,1107.22,1114.47,1097.33,1106.4,4795.71,4839.75,4692.94,4727.2,6614.19,6632.83,6531.76,6538.63,773.59,785.57,760.52,772.99,14807.43,15028.07,14748.59,14885.88,8234.23,8375.76,8219.28,8275.1,674.68,680.94,668.42,676.07,714.48,716.44,701.53,702.88
2025-06-13,23717.73,23820.73,23001.69,23345.0,3746.24,3766.86,3681.45,3709.92,1107.22,1117.11,1086.29,1117.11,4697.84,4746.77,4634.22,4678.26,6441.47,6470.91,6308.01,6323.71,777.65,777.65,753.49,755.28,14905.49,14949.62,14307.31,14312.21,8370.77,8480.4,8200.35,8475.42,676.97,677.36,659.88,666.84,690.66,698.48,682.23,685.41
2025-06-16,23369.52,23595.12,23286.15,23555.89,3727.59,3773.73,3717.77,3739.37,1121.22,1133.09,1106.89,1129.46,4697.84,4805.49,4697.84,4766.35,6408.11,6434.61,6311.94,6340.4,763.1,764.58,746.96,758.54,14493.63,14655.43,14361.24,14532.85,8506.32,9371.4,8499.34,9291.67,669.82,690.08,660.98,687.99,688.83,707.27,686.38,700.31
2025-06-17,23997.29,24502.44,23840.34,24247.41,3765.87,3853.25,3761.95,3828.7,1136.71,1154.67,1130.29,1134.41,4761.45,4859.32,4751.66,4781.03,6391.43,6400.26,6317.83,6360.02,757.45,781.01,756.27,781.01,14905.49,15189.87,14900.59,15116.32,9258.78,9694.31,9244.83,9517.91,687.69,695.74,678.46,685.21,701.17,713.38,700.43,713.38
2025-06-18,23987.48,24365.12,23913.91,24262.12,3926.88,3941.6,3840.49,3896.44,1126.17,1130.78,1108.87,1117.11,4746.77,4829.96,4722.3,4751.66,6301.14,6322.73,6252.08,6315.86,777.35,796.65,776.16,786.16,14988.84,16096.95,14983.94,15837.08,9506.94,9705.27,9418.24,9630.53,680.64,692.06,672.5,683.32,714.73,717.29,706.18,715.34
2025-06-19,24129.7,24188.56,23541.17,23541.17,3897.43,3915.1,3849.32,3866.01,1117.11,1140.67,1111.34,1136.55,4722.3,4869.11,4712.52,4849.54,6316.84,6337.45,6237.36,6272.68,782.3,785.07,773.29,780.22,15935.14,15959.66,15297.74,15386.0,9666.41,9706.27,9399.31,9399.31,675.38,683.22,672.89,680.24,708.86,711.92,704.46,710.94
2025-06-20,23585.31,23830.53,23428.37,23526.46,3849.32,3966.15,3849.32,3934.73,1131.28,1147.92,1124.19,1130.29,4810.39,4932.73,4810.39,4878.9,6317.83,6360.02,6220.67,6220.67,779.03,784.68,773.29,773.29,15430.12,16239.14,15336.96,16150.88,9453.12,9943.47,9438.17,9797.96,677.36,689.78,670.71,670.91,705.2,707.64,699.33,699.33
2025-06-23,23080.16,23335.19,22834.94,23251.81,3894.48,3912.15,3823.8,3893.5,1111.83,1116.45,1091.9,1106.07,4874.0,4913.15,4829.96,4844.64,6194.18,6210.86,6040.11,6172.59,769.13,770.02,754.38,757.35,15812.57,15989.08,15351.67,15886.11,9517.91,9742.15,9449.14,9677.37,661.47,664.15,650.65,651.44,696.4,698.6,681.25,688.58
2025-06-24,23923.72,24433.78,23899.2,24100.28,3945.53,3961.24,3895.46,3900.37,1134.74,1169.34,1128.47,1169.34,4888.68,5030.6,4878.9,4981.66,6212.82,6267.78,6204.97,6260.91,764.18,788.24,757.35,788.24,17062.86,17999.36,16778.48,17999.36,9848.79,9915.56,9628.53,9829.85,665.45,696.23,664.55,692.76,695.67,713.26,695.18,709.35
2025-06-25,25071.35,25144.92,24566.2,24884.98,3969.09,4046.65,3939.64,3975.96,1178.07,1202.45,1168.51,1184.16,4991.45,5108.9,4952.3,5050.17,6300.16,6425.77,6247.17,6295.26,787.94,792.79,772.0,778.54,18528.89,18592.64,18004.26,18430.83,9966.39,10235.49,9923.54,10155.75,692.86,713.22,682.83,687.69,715.95,720.71,703.37,715.09
2025-06-26,25189.06,25924.72,24987.98,25875.67,4036.83,4109.48,4003.45,4060.39,1176.92,1226.67,1176.59,1226.67,5118.68,5304.64,5089.32,5265.49,6339.42,6426.75,6296.24,6413.02,772.3,783.98,772.3,780.22,18386.71,19200.62,18161.16,18827.99,10394.95,10713.87,10300.27,10664.04,689.08,715.4,681.83,707.76,715.95,747.71,715.46,739.9
2025-06-27,26778.08,27317.57,26655.47,26988.97,4173.26,4182.17,4083.16,4109.9,1239.2,1259.3,1225.85,1252.05,5343.79,5471.02,5285.06,5334.0,6482.69,6651.48,6458.16,6510.17,785.66,804.77,781.21,801.8,19288.12,19496.37,18742.7,19382.33,10539.46,10698.92,10434.81,10549.43,714.91,722.65,707.46,712.13,752.6,769.22,749.67,760.67
2025-06-30,27464.7,27994.38,26871.27,27150.82,4188.11,4231.68,4143.56,4158.41,1276.76,1280.72,1236.07,1247.43,5373.15,5382.94,5245.92,5324.21,6623.02,6683.86,6510.17,6529.79,801.8,814.17,796.26,798.83,19699.67,20458.3,19139.37,19248.46,10698.92,10928.15,10534.48,10619.19,724.84,724.84,698.02,698.52,773.62,773.86,754.31,756.27
2025-07-01,26856.56,27018.4,26429.87,26552.48,4108.91,4131.68,4081.18,4107.92,1239.2,1305.76,1228.49,1298.35,5265.49,5324.21,5196.98,5314.43,6466.01,6520.96,6420.87,6470.91,801.8,817.64,792.0,814.67,18851.79,19050.12,18425.36,18613.78,10399.93,10843.44,10384.98,10728.82,709.05,736.96,701.2,724.84,753.58,767.26,747.71,762.62
2025-07-02,25895.29,26375.92,25748.16,26076.76,4010.89,4099.0,4009.9,4092.07,1248.92,1265.23,1219.75,1246.45,5040.39,5255.7,4991.45,5148.04,6473.86,6570.03,6428.72,6466.99,807.74,817.44,798.83,805.96,17850.19,18807.16,17850.19,18628.66,10135.82,10584.31,10105.92,10389.96,695.14,721.86,675.77,715.4,746.98,756.51,735.5,746.98
2025-07-03,26307.26,26557.39,26214.08,26532.87,4125.74,4133.66,4089.1,4104.94,1264.57,1290.11,1256.66,1269.51,5089.32,5128.47,5040.39,5089.32,6516.06,6608.3,6466.99,6566.1,816.65,835.46,814.97,834.47,18831.95,19005.5,18579.08,18732.79,10544.44,10594.28,10404.91,10494.61,720.27,725.93,705.47,713.32,741.61,759.2,738.19,757.0
2025-07-04,26856.56,26993.88,26552.48,26655.48,4139.6,4154.45,4083.16,4099.0,1285.17,1285.99,1238.7,1239.03,5138.26,5167.62,5050.17,5157.83,6573.95,6592.6,6496.43,6587.69,829.52,833.57,807.64,810.61,18891.45,19000.54,18445.2,18499.74,10664.04,10828.49,10604.24,10639.12,722.26,723.75,702.89,714.91,772.15,781.19,753.33,759.93
2025-07-07,26483.82,26778.09,26346.5,26606.43,4069.3,4070.29,3980.19,3989.1,1222.56,1239.03,1212.67,1220.91,5128.47,5128.47,5001.24,5020.81,6489.56,6493.48,6341.38,6341.38,805.96,810.41,797.25,798.63,18415.45,18772.45,18108.03,18479.91,10609.23,10733.81,10474.68,10649.09,704.18,708.55,686.2,691.76,752.11,752.6,735.74,739.16
2025-07-08,26307.26,27033.12,26297.45,26743.76,3990.09,4068.31,3986.13,4043.56,1245.62,1289.28,1237.71,1287.64,4991.45,5138.26,4971.88,5108.9,6309.98,6502.32,6308.01,6471.9,792.2,821.4,790.81,815.56,18410.49,18970.79,18346.03,18608.83,10713.87,10958.05,10639.12,10918.18,707.66,750.96,707.66,736.96,757.49,802.45,757.49,798.05
2025-07-09,27101.78,27145.92,26420.06,26655.48,4042.57,4049.5,3961.38,3991.08,1298.18,1298.18,1247.27,1271.0,5099.11,5128.47,5059.96,5059.96,6541.57,6586.71,6471.9,6529.79,836.54,839.32,818.43,818.43,18802.2,18856.74,18301.4,18658.41,11052.73,11057.71,10664.04,10943.1,738.64,741.92,711.53,715.11,801.96,803.67,773.13,784.12
2025-07-10,26655.48,26655.48,26248.41,26248.41,3980.19,4001.97,3964.35,4001.97,1280.22,1300.16,1271.82,1278.58,5030.6,5079.53,4971.88,5040.39,6480.73,6528.81,6402.22,6417.92,813.38,838.43,804.97,833.38,18802.2,18802.2,18509.66,18579.07,11042.76,11207.21,10933.13,11207.21,720.27,732.39,715.7,726.53,787.54,793.9,781.68,785.1
2025-07-11,26680.0,26680.0,26130.7,26483.82,4027.72,4053.46,3973.26,3983.16,1274.95,1293.24,1232.94,1237.71,5089.32,5108.9,4991.45,4991.45,6505.26,6624.0,6465.03,6571.99,831.5,841.4,826.55,838.52,18767.49,19188.96,18653.45,19104.66,11411.52,11600.88,11082.63,11286.94,715.11,733.68,699.71,704.48,789.25,790.48,769.95,773.62
2025-07-14,26145.42,26189.56,25929.62,25978.67,3989.1,4022.77,3969.3,3989.1,1242.33,1247.93,1221.24,1244.3,4991.45,5040.39,4962.09,5001.24,6554.33,6592.6,6483.67,6483.67,836.45,839.61,827.54,833.77,18941.04,19035.25,18316.28,18514.62,11361.69,11521.15,11267.01,11476.3,701.4,714.41,692.56,714.41,772.88,776.06,765.31,774.59
2025-07-15,25944.34,26900.7,25718.73,26885.98,3984.15,4041.58,3954.45,4041.58,1257.16,1294.23,1250.57,1293.4,5040.39,5167.62,5020.81,5148.04,6475.82,6565.12,6437.55,6519.98,831.4,834.47,825.56,831.5,18484.87,18911.29,18350.99,18911.29,11411.52,11690.58,11296.91,11680.61,721.16,761.88,718.88,760.79,787.06,799.52,780.95,799.27
2025-07-16,27165.53,27989.48,27038.02,27356.81,4049.5,4059.4,3948.51,3948.51,1294.06,1325.53,1279.73,1310.7,5196.98,5304.64,5177.41,5255.7,6476.8,6543.53,6445.4,6465.03,830.51,841.3,826.55,836.64,19139.37,19783.96,17934.49,17974.15,11800.21,11999.54,11610.85,11755.36,755.33,762.78,742.32,751.95,791.94,800.01,788.52,797.32
2025-07-17,26974.26,27435.28,26366.12,27239.1,3893.06,4017.82,3872.27,4013.86,1305.27,1321.08,1285.66,1320.76,5236.13,5275.28,5196.98,5255.7,6408.11,6560.22,6392.41,6560.22,826.74,828.03,815.86,823.58,17870.03,17884.9,16868.43,17116.35,11486.27,11700.55,11267.01,11665.66,751.85,758.31,739.34,758.31,789.99,812.96,784.61,812.71
2025-07-18,27244.01,27592.22,27028.21,27317.57,3999.0,4013.86,3940.59,3967.32,1331.63,1352.06,1313.51,1332.12,5177.41,5363.36,5138.26,5343.79,6592.6,6648.54,6551.38,6580.82,821.6,838.13,818.33,827.44,17255.18,17547.73,17086.6,17329.56,11511.18,11580.95,11132.46,11147.41,763.77,786.42,753.05,762.78,815.89,821.75,806.36,814.67
2025-07-22,27538.27,27626.55,26861.46,26959.55,3957.42,3990.09,3931.68,3941.58,1347.78,1397.21,1346.79,1391.11,5343.79,5471.02,5285.06,5304.64,6653.44,6716.25,6619.1,6710.36,834.47,841.39,831.79,841.0,17146.1,17408.89,16818.85,16858.51,11122.49,11461.35,11117.51,11306.87,769.04,795.06,755.23,764.47,818.58,839.59,816.87,821.26
2025-07-23,26856.56,27651.07,26665.29,27484.32,3978.21,3988.11,3927.72,3931.68,1415.82,1423.73,1338.71,1377.27,5334.0,5363.36,5196.98,5245.92,6769.24,7010.65,6732.93,6960.6,841.1,863.77,841.0,853.57,16927.93,17379.15,16769.26,17071.73,11286.94,11406.54,11032.8,11371.65,779.37,779.46,744.01,751.85,850.1,862.07,837.15,845.46
2025-07-24,27866.87,27891.39,27297.95,27484.32,4009.9,4022.77,3967.32,4009.9,1391.6,1436.75,1390.78,1434.11,5265.49,5412.3,5265.49,5402.51,7255.0,7358.04,7036.16,7214.76,852.28,870.5,847.43,870.0,17165.93,17289.89,16818.85,16818.85,11566.0,11625.8,11271.99,11296.91,765.76,806.28,760.99,806.28,867.94,878.2,863.05,872.33
2025-07-25,27268.53,27572.6,27170.44,27425.47,4009.9,4024.75,3973.26,4008.91,1445.15,1468.38,1440.54,1459.32,5422.08,5441.66,5343.79,5392.72,7249.11,7277.57,7119.58,7145.09,871.09,885.94,870.6,877.03,16660.18,16903.14,16268.47,16313.09,11276.97,11511.18,11232.12,11456.37,800.02,816.21,790.49,809.46,872.33,873.8,862.8,866.71
2025-07-28,26998.79,27047.83,26336.69,26807.51,4001.97,4051.48,3975.24,4034.65,1468.88,1470.36,1436.26,1452.24,5422.08,5431.87,5294.85,5392.72,7203.97,7441.45,7147.05,7410.05,871.09,875.74,860.8,868.12,16045.34,16149.47,15842.05,16060.21,10394.95,10659.06,10270.37,10429.83,819.59,821.08,797.64,799.63,876.0,876.24,855.96,855.96
2025-07-29,26680.0,26836.94,26424.97,26483.82,4011.88,4047.52,4011.88,4029.7,1441.69,1475.8,1438.89,1473.0,5294.85,5402.51,5294.85,5392.72,7351.17,7467.95,7296.22,7428.7,862.18,862.18,852.18,854.76,15371.0,15529.67,14617.32,14726.41,10365.05,10479.66,10240.47,10320.2,794.56,819.19,794.56,808.27,850.34,857.67,845.7,857.43
2025-07-30,26660.38,26802.61,26542.67,26743.76,4030.69,4065.34,4015.84,4057.42,1541.87,1616.84,1532.48,1604.15,5382.94,5539.53,5382.94,5480.81,7428.7,7495.43,7373.74,7485.61,855.75,878.91,849.61,878.52,14944.58,14994.16,14706.57,14825.58,10469.7,10614.21,10066.06,10210.57,866.07,900.64,858.42,863.49,872.33,897.5,869.89,880.64
2025-07-31,26680.0,27170.44,26464.2,26807.51,4093.06,4158.41,4065.34,4120.79,1642.38,1713.55,1641.06,1709.44,5578.68,5725.49,5559.1,5617.83,7495.43,7515.05,7223.6,7435.57,875.94,884.95,862.58,883.66,14885.08,15410.67,14855.33,15390.83,10066.06,10394.95,9904.6,10315.22,874.02,925.76,873.62,913.25,882.35,944.42,882.11,918.27
2025-08-01,21903.1,22413.16,21903.1,21976.67,4118.81,4132.67,4054.45,4100.98,1671.54,1710.26,1640.23,1695.43,5588.47,5735.27,5412.3,5598.25,8613.16,8632.79,8300.12,8490.5,877.03,885.94,872.58,875.64,14642.12,14741.28,14329.74,14498.32,9895.63,10265.39,9817.89,10180.67,903.81,911.26,887.43,890.9,918.76,944.17,907.76,914.12
2025-08-04,21059.54,22138.51,21010.5,22055.14,4028.71,4080.19,4021.78,4063.36,1620.3,1700.37,1619.64,1692.13,5431.87,5588.47,5392.72,5588.47,8343.3,8486.57,8238.3,8446.34,858.22,866.64,855.75,860.8,13972.73,14508.24,13918.19,14369.4,9856.76,10056.09,9847.79,10016.22,853.26,906.2,848.19,904.91,876.73,915.58,871.6,912.65
2025-08-05,22069.85,22197.37,21736.35,21966.86,4138.61,4156.43,4084.15,4124.75,1726.74,1758.86,1701.2,1758.86,5666.76,5784.21,5617.83,5715.7,8625.92,9024.34,8561.16,8868.31,867.53,880.79,866.44,876.04,14448.74,14547.91,14364.45,14404.11,10115.89,10205.59,9949.45,10011.24,926.16,969.76,914.74,969.76,935.38,966.41,930.73,957.37
2025-08-06,21334.19,21496.04,21010.5,21138.01,4094.05,4188.11,4006.93,4168.31,1738.27,1801.7,1720.15,1800.88,5764.63,5911.44,5764.63,5842.93,8944.86,9002.76,8803.54,8938.97,947.41,977.3,940.38,965.13,14086.78,14299.99,13938.03,14136.36,9866.73,10046.12,9747.13,10046.12,954.96,979.3,942.95,973.34,952.73,973.74,942.22,973.74
2025-08-07,20157.13,20721.14,19990.38,20618.14,4376.23,4386.13,4227.72,4309.9,1804.18,1931.04,1705.32,1896.44,5882.08,5921.23,5833.14,5911.44,8910.51,9115.61,8862.43,8959.58,953.05,974.04,952.36,972.06,13947.94,14265.28,13918.19,14176.03,9774.04,10076.02,9711.25,10076.02,976.32,994.69,883.06,900.44,970.32,979.36,953.21,970.81
2025-08-08,20637.76,21123.3,20490.63,20882.98,4408.9,4413.86,4302.96,4358.41,1896.44,1957.41,1815.71,1828.07,5862.51,5979.95,5852.72,5901.65,9055.75,9212.76,9018.46,9103.83,970.08,989.88,969.48,986.02,14032.23,14860.29,13600.86,14334.7,10230.5,10534.48,10095.96,10449.76,870.64,880.47,803.1,810.35,964.94,973.98,956.88,959.81
2025-08-12,20990.88,21373.42,20848.65,21108.59,4386.13,4473.26,4365.34,4440.59,1893.15,1932.69,1879.14,1916.22,5999.53,6097.4,5901.66,6019.1,9165.66,9253.98,9081.26,9150.94,984.93,989.78,975.33,985.92,14676.82,15509.83,14607.41,15356.12,10908.22,11257.04,10808.55,11112.53,834.29,843.72,817.6,818.4,976.67,988.4,965.68,965.68
2025-08-13,21290.05,21657.88,21098.78,21275.34,4504.94,4622.77,4456.43,4522.77,1973.88,1982.95,1921.16,1977.18,6009.31,6068.04,5979.95,6028.89,9253.98,9304.02,9121.5,9129.35,989.88,994.83,980.18,994.83,15752.8,16055.26,15380.92,15658.59,11590.92,11750.38,11222.16,11715.5,830.52,869.35,821.78,859.32,974.96,983.51,961.03,983.51
2025-08-14,21084.07,21128.21,20716.24,20848.65,4472.27,4541.58,4462.37,4494.05,1972.24,1980.47,1926.1,1961.53,5950.59,5960.38,5833.14,5891.87,9176.45,9209.82,9016.49,9079.3,994.83,1029.47,988.19,997.8,15584.21,16094.92,15549.5,15936.25,11665.66,11785.26,11147.41,11172.33,856.14,857.13,815.52,815.52,972.52,972.52,953.21,961.28
2025-08-15,20627.96,21167.44,20627.96,21093.88,4512.86,4569.3,4472.27,4550.49,1960.7,2041.44,1933.52,2022.49,5862.51,5911.44,5813.57,5872.29,9055.75,9196.08,9002.76,9170.56,997.8,1108.66,994.33,1073.03,16208.96,17334.52,16174.26,17260.14,11301.89,11306.87,11022.83,11257.04,816.61,879.98,813.43,869.05,965.19,994.51,956.88,989.62
2025-08-18,21020.31,21079.16,20642.67,20642.67,4586.13,4603.95,4511.87,4584.15,2006.01,2051.32,1986.24,2043.08,5852.72,5911.44,5803.78,5891.87,9224.54,9404.12,9203.93,9356.04,1098.27,1127.47,1089.85,1104.7,17250.23,17255.19,16645.3,16684.97,11187.28,11446.4,11127.48,11421.49,868.26,900.14,859.81,884.25,987.18,999.15,981.07,986.45
2025-08-19,20824.13,21088.97,20755.47,20814.32,4612.87,4642.57,4595.04,4597.02,2038.14,2046.38,1935.99,1978.83,5901.65,5950.59,5803.78,5911.44,9445.34,9631.79,9369.77,9534.64,1088.86,1144.79,1086.88,1119.06,16630.43,16813.89,16189.13,16293.26,11620.81,11735.43,11276.97,11371.65,893.68,899.24,850.38,858.52,984.25,984.98,959.57,968.36
2025-08-20,20677.0,20789.8,20382.73,20524.96,4530.69,4546.53,4482.17,4499.99,1868.43,1896.44,1853.6,1866.79,5931.02,5931.02,5725.49,5813.57,9387.44,9448.28,9265.75,9410.99,1115.59,1122.52,1065.6,1081.93,16065.17,16739.51,15931.3,16015.59,10948.08,10973.0,10604.24,10728.82,827.14,832.3,805.49,829.72,950.53,952.48,937.58,947.35
2025-08-21,20059.04,20250.32,19995.29,20029.62,4485.14,4542.57,4463.36,4536.63,1850.31,1919.51,1848.66,1885.73,5764.63,5882.08,5754.85,5852.72,9312.86,9431.6,9253.98,9387.44,1083.91,1157.66,1083.91,1126.48,15792.46,16025.51,15514.79,15524.71,10908.22,11252.06,10783.64,10908.22,827.34,850.38,820.88,839.45,947.84,961.03,945.88,955.66
2025-08-22,20049.23,20166.94,19622.55,19710.83,4525.74,4586.13,4482.17,4559.4,1891.5,1909.62,1870.08,1892.32,5901.65,5970.16,5842.93,5901.65,9379.59,9468.89,9291.27,9419.82,1163.1,1206.66,1155.19,1196.27,15613.96,16055.26,15519.75,15911.46,10938.12,11022.83,10624.18,10728.82,844.22,857.63,830.02,842.33,965.19,977.89,961.03,976.67
2025-08-25,19754.97,19985.48,19691.21,19838.34,4653.46,4726.73,4644.55,4670.29,1941.75,1945.87,1875.02,1893.97,5970.17,6058.25,5960.38,5960.38,9469.87,9526.79,9340.33,9365.85,1232.4,1270.51,1231.41,1256.65,16040.38,16253.59,15668.5,15866.84,11167.34,11212.19,10813.54,10843.44,872.43,883.06,854.05,871.04,1010.88,1011.61,985.22,995.49
2025-08-26,19735.35,19965.86,19705.93,19857.96,4678.21,4707.91,4637.62,4664.35,1903.03,1927.75,1861.84,1898.91,5960.38,6009.31,5872.29,5911.44,9278.51,9340.33,9175.47,9190.19,1246.75,1256.15,1218.54,1231.41,15703.21,15881.71,15499.92,15514.79,10808.55,10933.13,10629.16,10868.35,873.72,889.11,860.31,878.69,999.4,1002.33,976.43,983.02
2025-08-27,19990.38,20054.14,19774.59,19946.24,4682.17,4682.17,4589.1,4599.99,1927.75,1933.52,1884.91,1923.63,5901.66,5901.66,5813.57,5852.72,9224.54,9303.04,9128.37,9133.27,1244.77,1303.67,1212.6,1299.71,15514.79,15787.5,15361.08,15713.13,11012.86,11491.25,10893.27,11356.7,881.96,885.94,860.81,882.46,987.91,992.8,980.09,991.09
2025-08-28,19833.44,20387.64,19808.92,20353.31,4628.71,4725.74,4625.74,4724.75,1874.2,2030.73,1864.31,2029.9,5803.78,5833.14,5754.85,5774.42,9147.01,9248.09,9142.1,9245.14,1286.84,1360.09,1274.96,1354.65,15470.17,15881.71,15321.42,15827.17,10992.93,11546.07,10948.08,11521.15,860.61,896.66,851.67,880.97,976.92,1011.13,973.98,1008.44
2025-08-29,20255.22,20333.69,19911.91,20269.93,4724.75,4784.15,4703.95,4703.95,2036.49,2108.99,2017.55,2104.05,5872.29,5901.65,5705.91,5745.06,9152.9,9405.1,9147.01,9268.7,1344.25,1363.06,1326.93,1350.19,15827.17,15975.92,15385.87,15524.71,11610.85,11650.71,11426.47,11635.76,888.92,931.03,875.31,931.03,1001.84,1033.61,996.22,1027.01
2025-09-01,19907.01,20005.09,19627.45,19897.2,4574.25,4640.59,4376.23,4464.35,2080.98,2102.4,2013.43,2045.56,5666.76,5754.85,5598.25,5627.61,9184.3,9283.42,9132.29,9248.09,1353.16,1387.31,1343.76,1373.45,15341.25,15356.12,14914.83,15177.62,11142.43,11172.33,10554.41,10713.87,901.23,902.62,864.88,880.18,988.64,1000.37,983.76,998.91
2025-09-02,20019.81,20147.32,19882.48,19946.24,4430.69,4503.95,4426.73,4472.27,2059.56,2095.81,2018.37,2047.2,5666.76,5666.76,5578.68,5627.61,9228.46,9299.12,9149.95,9206.87,1385.83,1419.48,1376.92,1399.69,15261.91,15371.0,15083.41,15137.96,10713.87,10833.47,10529.49,10629.16,871.73,877.89,847.5,850.08,997.2,1002.33,979.36,992.07
2025-09-03,19681.4,19745.16,19490.13,19563.7,4435.64,4502.96,4388.11,4405.93,2059.56,2090.87,2031.55,2059.56,5627.61,5656.98,5480.81,5529.74,9190.19,9257.9,9004.72,9040.04,1391.77,1466.01,1375.93,1420.97,15043.74,15108.2,14830.53,14870.2,10449.76,10788.62,10414.88,10659.06,846.01,862.6,826.84,829.12,1004.28,1021.88,996.95,998.17
2025-09-04,19607.84,19754.97,19573.5,19701.02,4443.56,4520.79,4443.56,4507.91,2106.52,2202.91,2104.87,2165.01,5529.74,5559.1,5480.81,5549.32,9052.8,9100.89,9008.64,9062.62,1429.88,1502.63,1426.91,1453.63,14880.12,14959.45,14756.16,14845.41,10703.91,11202.23,10688.96,11162.36,843.63,866.97,838.66,842.83,1002.08,1020.17,993.29,1002.33
2025-09-05,19794.2,19921.72,19656.88,19853.06,4556.43,4620.79,4553.46,4603.95,2223.5,2237.51,2158.42,2197.96,5608.04,5686.34,5539.53,5666.76,9273.6,9556.23,9164.68,9512.07,1493.23,1528.86,1418.49,1459.57,15286.71,15574.29,15242.08,15514.79,11456.37,11536.1,11281.96,11401.55,862.69,880.97,853.16,876.0,1015.77,1026.03,1002.57,1011.61
2025-09-08,20088.47,20397.45,19965.86,20206.18,4691.08,4728.71,4646.53,4728.71,2216.09,2233.39,2193.84,2233.39,5725.49,5803.78,5666.76,5754.85,9493.42,9588.61,9452.21,9587.63,1507.09,1558.56,1504.61,1554.11,15856.92,16050.3,15668.5,15866.84,11700.55,11919.81,11556.03,11899.87,879.58,881.96,866.77,881.96,1021.14,1035.07,1014.55,1035.07
2025-09-09,20662.28,20981.07,20480.82,20618.14,4792.07,4810.88,4689.1,4721.78,2272.93,2286.94,2125.47,2126.29,5833.14,5970.16,5725.49,5774.42,9680.86,9703.43,9390.38,9397.25,1583.8,1584.79,1479.87,1482.83,16015.59,16099.88,15772.63,16055.26,12154.02,12901.5,12144.05,12667.29,885.94,899.05,866.87,869.15,1036.05,1038.25,1003.31,1005.26
2025-09-10,20691.71,20858.46,20578.91,20745.66,4712.86,4796.03,4712.86,4769.3,2197.96,2254.81,2191.37,2245.74,5764.63,5970.17,5745.06,5921.23,9398.23,9534.64,9398.23,9534.64,1474.92,1510.55,1448.19,1456.11,15975.92,16223.84,15896.59,16020.55,12702.17,13095.84,12697.18,13080.89,878.19,918.71,871.53,918.61,1014.06,1049.49,1008.19,1048.51
2025-09-11,20794.7,21049.73,20706.42,20995.79,4769.3,4843.56,4753.46,4827.72,2306.71,2351.19,2260.57,2305.06,5921.23,6097.4,5921.23,6038.67,9789.78,9862.4,9621.98,9680.86,1525.4,1613.0,1510.06,1577.37,16149.47,16536.22,15995.76,16461.84,13549.31,13758.61,13255.3,13653.96,928.74,946.82,908.28,918.91,1041.42,1047.29,1025.05,1034.83
2025-09-12,21579.41,22172.84,21412.66,22153.23,4835.64,4887.12,4803.95,4869.3,2347.9,2365.2,2313.3,2323.18,6038.68,6087.61,5940.8,5989.74,9778.01,9818.24,9630.81,9705.39,1571.92,1665.96,1560.05,1623.4,16521.34,16620.51,16055.26,16546.14,13952.95,14042.65,13658.94,13903.12,933.81,934.3,904.21,904.61,1038.0,1045.58,1021.63,1021.63
2025-09-16,22594.62,22874.17,22324.88,22575.01,4881.18,4938.61,4843.56,4922.77,2364.38,2398.98,2275.4,2301.76,5989.74,6048.46,5911.44,5931.02,9813.34,9980.16,9724.03,9842.78,1621.42,1622.41,1537.77,1588.75,16694.89,16789.1,16392.43,16774.22,14047.63,14232.01,13683.86,14082.51,915.83,925.17,883.45,900.73,1031.65,1047.04,1022.61,1043.62
2025-09-17,23050.73,24085.56,23006.59,23786.39,4860.39,4896.03,4738.61,4738.61,2283.64,2298.47,2197.96,2216.91,5882.08,5891.87,5745.06,5754.85,9705.39,9782.92,9555.25,9570.95,1576.38,1607.56,1561.04,1561.04,16610.59,16769.26,16407.3,16580.84,13957.93,14192.14,13723.72,13798.47,896.86,900.04,858.62,863.59,1047.04,1047.04,1011.61,1011.61
2025-09-18,23835.44,25370.52,23703.02,24968.36,4725.74,4853.46,4703.95,4833.66,2249.04,2256.45,2207.03,2241.63,5745.06,5833.15,5705.91,5784.21,9566.04,9906.56,9523.84,9760.34,1561.04,1642.2,1561.04,1622.41,16754.39,17289.89,16704.8,16913.06,14097.46,14535.98,13947.97,14481.17,870.04,877.69,857.13,876.6,1014.06,1031.9,1003.79,1028.72
2025-09-19,26091.47,26091.47,23771.68,25120.39,4891.08,4934.65,4742.57,4824.75,2306.71,2340.48,2232.56,2302.59,5813.57,5872.29,5696.12,5813.57,9911.47,9940.91,9577.82,9729.92,1633.3,1651.11,1565.98,1621.91,18311.32,19471.58,18008.86,19025.33,15029.32,15143.93,14311.74,14969.52,887.72,899.74,862.1,889.61,1036.05,1039.71,1005.99,1022.37
2025-09-22,25296.95,26630.95,25061.54,26091.47,4851.48,5009.89,4842.57,4997.02,2339.66,2365.2,2320.71,2347.9,5862.51,5931.02,5784.21,5794.0,9740.72,9906.56,9740.72,9795.67,1643.19,1645.17,1598.65,1611.52,19198.87,21509.48,19124.5,21018.6,15114.03,15557.54,15049.25,15447.91,897.56,911.46,885.44,890.31,1027.99,1034.83,1011.86,1016.26
2025-09-24,25601.03,26797.7,25537.27,26733.95,4898.01,4926.73,4854.45,4919.79,2320.71,2400.62,2286.94,2400.62,5823.36,5833.15,5725.49,5823.36,9778.01,9828.06,9607.26,9648.47,1622.41,1678.83,1619.44,1672.4,21112.81,22124.32,20869.85,21340.9,15049.25,15497.74,14864.88,15353.23,885.34,921.0,868.85,917.72,1016.26,1036.78,1009.66,1030.92
2025-09-25,26243.51,27513.75,26214.08,27190.06,4918.81,4949.5,4892.07,4946.53,2352.02,2430.28,2334.72,2397.33,5803.78,5862.51,5735.27,5784.21,9656.32,9717.17,9593.52,9605.29,1706.05,1836.22,1682.3,1825.33,21241.73,21554.11,21008.68,21350.81,14954.57,15238.62,14914.71,14979.49,903.52,924.67,900.24,914.24,1037.27,1058.29,1034.58,1050.95
2025-09-26,26699.62,26817.32,26008.09,26037.52,4883.16,4913.85,4830.69,4830.69,2380.85,2415.45,2319.07,2323.18,5784.21,5862.51,5725.49,5754.85,9752.49,9896.75,9665.15,9696.56,1805.04,1830.28,1761.98,1774.35,21083.06,21112.81,19541.0,19565.79,14745.28,14984.47,14421.37,14421.37,908.78,922.59,882.46,883.85,1053.64,1065.86,1036.29,1039.47
2025-09-29,25669.96,26442.73,25635.28,26259.45,4815.83,4828.71,4756.43,4774.25,2350.56,2444.28,2337.28,2435.16,5751.89,5801.22,5633.5,5742.02,9707.45,9776.78,9647.03,9715.38,1788.75,1898.01,1783.29,1885.1,19426.96,20170.72,19377.37,20036.84,14580.15,15124.41,14565.18,15124.41,883.06,929.64,880.97,925.96,1043.43,1052.57,1036.01,1049.61
2025-09-30,26551.71,26685.46,26066.25,26115.79,4793.06,4811.87,4752.47,4799.99,2440.96,2444.28,2389.54,2397.83,5781.49,5820.95,5722.29,5811.08,9805.51,9872.86,9744.1,9849.09,1911.91,1960.58,1896.02,1947.17,20225.26,20398.8,19898.01,20136.01,15523.87,15523.87,14630.09,14630.09,925.66,925.86,899.64,905.01,1043.43,1052.57,1033.04,1042.93
2025-10-01,25962.23,26155.42,25536.21,25570.88,4778.21,4833.66,4739.6,4782.17,2413.59,2433.5,2341.43,2371.29,5732.16,5751.89,5455.91,5594.03,9739.15,9845.13,9571.76,9653.97,1926.81,1998.82,1878.64,1977.46,20225.26,20339.3,19655.04,19655.04,14729.95,14824.82,14510.25,14655.05,903.81,903.81,871.04,880.57,1038.23,1040.21,1012.52,1020.93
2025-10-02,26700.32,27661.34,26650.79,27587.03,4794.05,4906.92,4794.05,4889.1,2433.5,2452.57,2348.07,2348.07,5643.36,5722.29,5643.36,5692.69,9684.67,9817.39,9597.51,9797.58,2016.2,2083.74,1978.46,2082.25,20527.72,20988.85,20036.84,20190.55,15179.34,15269.22,14839.8,15024.55,894.28,905.5,873.22,874.22,1036.75,1052.82,1026.86,1037.74
2025-10-03,28131.93,28553.0,27884.25,28226.05,4897.02,4958.41,4854.45,4887.12,2324.84,2347.24,2299.13,2344.75,5692.69,5712.42,5672.96,5672.96,9741.13,9897.62,9719.34,9890.69,2050.96,2109.06,2017.19,2103.1,20131.05,20240.13,19744.3,19843.46,15079.47,15708.62,14899.72,15668.67,869.25,882.76,857.53,881.86,1028.34,1040.21,1018.95,1038.48
2025-10-06,28632.26,30603.82,28349.9,30286.79,4996.03,4999.0,4847.52,4916.82,2411.93,2416.91,2338.94,2405.3,5968.94,5968.94,5781.49,5801.22,10379.97,10379.97,9929.32,10018.46,2187.53,2250.59,2126.44,2197.46,20825.23,21514.44,20458.3,21266.52,16467.58,18000.5,16098.09,17865.68,896.76,913.15,885.44,913.15,1083.73,1087.44,1057.52,1077.79
2025-10-07,30871.32,31227.98,29801.33,29811.23,4898.01,4960.39,4844.55,4933.66,2438.47,2656.61,2438.47,2536.34,5850.55,5890.01,5732.16,5801.22,10147.21,10201.69,10038.26,10122.45,2243.64,2323.1,1895.52,2072.81,21762.36,21975.57,20081.47,20200.47,18524.78,18804.4,17860.69,17980.53,913.65,963.8,906.89,925.47,1087.44,1148.76,1087.19,1104.0
2025-10-08,29117.72,29682.44,28860.13,28983.97,4900.98,4933.66,4873.26,4909.89,2486.58,2683.98,2483.26,2648.31,5791.35,5850.55,5702.56,5712.42,10033.31,10147.22,9929.31,10102.64,1986.4,2182.06,1954.12,2172.63,19833.55,20304.59,19669.92,19863.3,17626.01,18175.26,17561.1,17940.58,910.57,977.31,887.13,963.5,1104.25,1128.24,1098.32,1120.82
2025-10-09,29722.07,29860.77,28919.57,29424.85,4940.59,5052.47,4915.83,5049.5,2725.45,2860.64,2723.79,2784.34,5860.41,6116.93,5820.95,6116.93,10300.74,10617.68,10211.59,10597.87,2209.87,2213.84,2029.61,2121.97,20180.63,20205.42,19769.09,20012.05,17975.53,18215.21,17645.98,17980.53,983.07,992.71,970.36,978.9,1138.13,1154.94,1131.94,1144.8
2025-10-10,29722.07,29831.05,28820.5,29008.74,4950.49,4953.46,4821.78,4868.31,2812.54,2813.37,2717.16,2747.01,5988.67,5988.67,5732.16,5732.16,10464.16,10513.68,10290.83,10340.35,2076.78,2152.27,2066.35,2087.71,19833.55,20136.01,19521.17,20056.67,18230.19,18235.18,17451.25,17810.76,979.3,985.75,947.22,947.71,1127.49,1138.37,1119.09,1121.31
2025-10-14,28513.37,29370.35,27973.42,28176.52,4799.0,4873.26,4700.98,4707.91,2718.81,2776.87,2607.67,2611.82,5682.83,5850.55,5554.57,5574.3,10102.64,10320.55,9909.51,10053.12,2085.72,2172.13,1982.93,1996.33,20131.05,21088.02,19605.46,19635.21,17576.08,18185.25,16892.01,16976.89,938.67,956.16,876.9,876.9,1104.0,1113.89,1067.41,1070.38
2025-10-15,27765.36,29345.59,27671.24,28800.68,4747.52,4907.91,4747.52,4875.24,2612.65,2705.54,2598.55,2680.66,5732.16,5968.94,5663.09,5968.94,10077.88,10483.97,10023.41,10444.35,2000.31,2093.67,1987.89,2027.12,19620.34,21137.6,19422.0,20964.06,16852.06,17516.16,16782.16,17341.4,885.44,911.76,872.83,906.1,1068.89,1102.03,1066.92,1097.08
2025-10-16,29390.17,30138.18,29375.31,29969.75,4970.29,5009.89,4871.28,4909.89,2747.01,2786.83,2707.2,2786.83,6047.87,6077.47,5870.28,5988.67,10444.35,10538.44,10246.26,10389.88,2039.04,2065.86,2001.8,2045.0,21261.56,21271.48,20463.26,20790.52,17386.34,17655.97,17116.7,17466.23,921.0,951.88,915.33,947.12,1112.66,1129.22,1103.26,1123.54
2025-10-17,29959.84,30217.43,29677.48,29801.32,4851.48,4855.44,4774.25,4818.81,2737.06,2810.88,2721.3,2727.94,5929.48,5968.94,5811.08,5860.41,10360.16,10419.59,10167.02,10201.69,2002.29,2049.47,1933.76,1949.65,20537.64,20909.52,20150.89,20349.22,17141.67,17436.27,16732.22,16847.07,919.61,941.56,901.83,903.02,1094.11,1111.67,1090.16,1102.27
2025-10-20,30217.43,31119.0,30128.27,31119.0,4915.83,4966.33,4848.51,4923.76,2783.51,2852.35,2737.89,2852.35,5949.21,6116.93,5880.15,6087.33,10325.5,10657.3,10285.88,10657.3,1983.42,1996.33,1873.18,1909.93,20825.22,21603.69,20676.47,21554.11,17146.66,17486.2,16837.08,17486.2,921.49,936.99,913.35,936.99,1111.42,1131.7,1096.34,1131.7
2025-10-21,31426.13,31455.85,30375.95,30425.49,4993.06,5173.26,4991.08,5099.99,2902.11,2915.39,2743.7,2766.09,6067.6,6116.93,5988.67,5988.67,10895.01,10914.82,10617.68,10667.2,1929.79,2026.13,1901.98,1920.35,21816.9,21816.9,21078.1,21162.39,17855.7,18170.27,17091.74,17376.35,944.04,951.79,906.89,915.14,1132.93,1140.35,1113.4,1121.06
2025-10-22,30276.88,30742.52,30019.29,30445.3,5089.1,5124.75,5009.89,5069.3,2786.83,2828.3,2659.1,2809.22,6038.0,6452.38,6038.0,6422.78,10622.63,10716.73,10533.49,10662.25,1846.36,1868.71,1793.72,1837.92,21127.68,21311.14,20388.88,21231.81,17296.46,17346.39,16657.33,17076.76,909.18,929.64,884.55,924.97,1119.33,1119.83,1090.65,1111.17
2025-10-23,29345.59,29499.15,29058.27,29454.57,4950.49,4988.11,4906.92,4950.49,2747.01,2862.3,2742.87,2860.64,6324.12,6422.78,6294.52,6373.45,10523.59,10602.82,10483.97,10528.54,1823.52,1845.37,1747.04,1785.28,20428.55,20745.89,20185.59,20745.89,16557.46,16727.23,16302.81,16442.62,903.32,924.57,893.78,921.49,1095.35,1121.81,1088.92,1120.08
2025-10-24,30187.71,30316.51,29989.56,29989.56,5049.5,5200.98,4999.99,5182.17,2902.94,2976.76,2867.28,2973.44,6452.38,6570.77,6442.51,6531.3,10677.11,10741.49,10568.16,10652.35,1821.53,1961.08,1782.8,1937.74,21316.11,21499.57,21122.73,21499.57,16926.96,17196.59,16797.14,17056.78,933.71,961.12,930.13,956.06,1132.19,1142.08,1120.08,1139.86
2025-10-27,30504.75,30584.01,30148.08,30336.32,5460.39,5472.27,5320.78,5389.1,3052.24,3228.07,3025.7,3210.66,6629.96,6649.7,6551.04,6560.9,10929.67,10969.29,10835.58,10909.87,1994.35,2078.77,1971.01,2075.79,21762.36,22124.32,21539.23,22124.32,17660.96,18170.27,17621.02,18170.27,974.33,979.2,952.38,976.91,1174.47,1181.89,1155.19,1179.42
2025-10-28,30524.56,31257.71,30455.21,31158.63,5346.53,5368.31,5204.94,5204.94,3223.1,3252.96,3166.7,3184.11,6580.63,6620.1,6481.97,6491.84,10969.29,10969.29,10756.34,10795.96,1990.37,2012.72,1952.63,1964.55,22213.57,22213.57,21410.31,21707.82,18005.49,18170.27,17740.85,18095.37,982.38,1059.25,975.32,1038.89,1192.28,1210.32,1174.23,1176.45
2025-10-29,31406.32,32446.59,31128.91,32189.0,5288.11,5420.78,5254.45,5337.62,3279.5,3374.05,3277.01,3335.9,6847.02,6955.54,6777.95,6856.88,11093.1,11093.1,10899.96,10954.44,2001.8,2020.17,1969.52,1981.44,22139.2,23611.84,22124.32,23378.79,19628.28,22089.93,19573.36,22089.93,1055.77,1072.16,1032.93,1040.38,1199.2,1242.96,1191.78,1234.8
2025-10-30,32189.0,33437.32,31862.05,32684.37,5354.45,5463.36,5290.09,5446.53,3359.12,3482.7,3332.58,3451.19,6916.08,7419.24,6906.21,7251.52,11311.0,11519.0,11167.38,11340.71,2001.3,2047.98,1977.46,2043.01,27841.34,28337.18,27137.25,28337.18,22359.57,23642.82,21640.54,22239.73,1028.46,1069.68,1020.02,1039.88,1234.8,1330.0,1233.57,1310.22
2025-10-31,33377.88,33863.34,32832.97,33863.34,5445.54,5597.02,5430.69,5597.02,3442.89,3541.59,3403.91,3511.73,6610.23,6797.69,6018.27,6047.87,10771.2,11578.42,10766.25,10954.44,2040.53,2073.8,1981.44,2040.03,30206.49,30226.32,26834.79,28173.55,21985.08,23398.15,21980.08,23103.55,1049.81,1092.52,1031.94,1092.52,1315.41,1469.7,1249.39,1397.0
2025-11-04,35468.33,36885.08,34467.69,34467.69,5727.71,5937.62,5687.12,5767.32,3594.67,3596.33,3421.33,3435.43,6264.92,6442.51,6176.13,6432.64,10949.48,11177.29,10746.44,10746.44,2057.91,2131.41,2016.2,2080.76,30365.16,32527.02,30295.74,30513.91,22878.86,22918.8,21750.39,21750.39,1142.18,1161.55,1087.06,1093.52,1570.08,1639.07,1492.45,1498.87
2025-11-05,33774.17,34170.47,32278.16,33060.84,5594.05,5646.53,5438.61,5610.88,3214.8,3298.57,3091.22,3253.79,6136.66,6185.99,5801.22,6146.53,10479.02,10583.02,10023.41,10152.17,1998.82,2031.1,1871.69,2004.28,28971.85,29542.07,27831.42,28401.64,19753.11,20741.77,19543.4,20457.15,1040.88,1047.33,958.04,1034.42,1474.15,1491.21,1391.32,1459.31
2025-11-06,34051.58,34111.02,32932.05,32941.96,5709.89,5820.78,5673.26,5813.85,3388.98,3595.5,3356.63,3570.62,6235.32,6264.92,6047.87,6087.33,10424.54,10751.39,10404.73,10706.82,2044.5,2060.89,1972.5,2007.26,29517.27,29626.36,28937.14,29447.86,20776.72,21360.93,20581.99,21101.28,1069.68,1079.61,1029.45,1068.69,1508.27,1545.36,1477.36,1534.73
2025-11-07,32357.42,32714.09,32000.76,32496.12,5615.83,5815.83,5596.03,5754.45,3460.31,3574.77,3234.71,3386.49,5929.48,6057.73,5890.01,5968.94,10360.16,10483.97,10251.21,10394.83,1972.0,1990.37,1884.1,1910.42,28952.02,29294.15,28163.64,28857.81,19887.93,20087.66,19423.56,19932.87,1025.48,1038.89,998.66,1023.0,1488.49,1501.59,1424.2,1447.69
2025-11-10,33714.73,34229.91,33090.57,33883.16,5742.57,5878.21,5712.86,5822.76,3465.29,3532.47,3363.27,3402.25,6018.27,6038.0,5939.34,5998.54,10404.73,10602.82,10370.07,10469.11,1961.08,1993.85,1944.19,1948.66,29403.23,29680.9,28585.1,28595.02,20092.65,20831.65,19937.86,20691.84,1042.37,1075.64,930.63,939.17,1440.27,1506.29,1425.69,1490.96
2025-11-11,34041.67,34338.89,33625.56,33873.25,5860.39,5871.28,5499.99,5707.91,3485.19,3564.81,3176.65,3199.04,6008.4,6245.19,5899.88,5929.48,10597.87,10731.58,10384.92,10474.07,1988.39,2038.05,1927.31,1946.18,29090.85,30146.99,28361.97,28595.02,20971.46,21171.18,19498.46,19847.98,973.04,1026.47,940.76,948.21,1515.69,1539.92,1440.77,1448.93
2025-11-12,33179.73,33566.12,32694.27,33348.16,5986.13,6204.94,5790.09,6150.49,3099.51,3364.1,3015.74,3330.09,5880.15,6146.53,5820.95,6067.6,10474.06,10682.06,10365.11,10642.44,1957.1,1983.42,1847.35,1927.31,28262.8,29234.65,27598.38,29041.27,19563.37,19828.01,18914.25,19803.04,907.39,970.36,886.83,960.23,1448.93,1472.42,1424.2,1472.42
2025-11-13,33239.18,33685.01,33060.85,33595.84,6147.52,6315.83,6049.5,6287.12,3315.99,3505.93,3292.77,3434.6,6146.53,6580.63,6067.6,6452.38,10835.58,11038.62,10761.3,10949.48,1922.84,1923.33,1831.46,1854.8,28758.64,29180.11,28426.43,28986.73,20032.73,20766.73,19982.8,20641.9,965.99,1100.47,962.21,1077.62,1514.95,1626.95,1507.03,1576.27
2025-11-14,31703.54,32307.88,31525.2,31554.93,5991.08,6297.02,5967.32,6229.69,3243.0,3302.72,3184.94,3214.8,6166.26,6166.26,5890.01,5949.21,10682.06,10771.2,10370.07,10439.4,1738.6,1784.78,1699.37,1709.8,28163.64,28476.02,27677.72,27861.18,19813.03,20087.66,19398.6,19503.45,983.27,1014.06,970.36,975.62,1502.09,1561.43,1486.51,1556.98
2025-11-17,32030.48,32991.49,31852.15,32991.49,6227.71,6417.81,6160.39,6336.62,3214.8,3325.11,3187.43,3291.11,5919.61,5968.94,5791.35,5968.94,10573.11,10627.59,10454.26,10469.11,1726.18,1815.07,1723.2,1792.23,27856.22,28495.85,27598.38,28441.31,19533.41,19972.81,19243.81,19972.81,965.89,1030.45,961.42,1025.98,1557.72,1618.05,1544.86,1615.33
2025-11-18,32297.98,32496.13,31119.0,31188.36,6199.0,6224.74,5847.52,5858.41,3201.53,3213.14,2962.66,2965.15,5919.61,5949.21,5603.9,5603.9,10696.92,10954.44,10196.74,10325.5,1749.03,1768.39,1599.05,1605.01,27945.47,28054.55,26661.24,26695.95,19533.41,20047.71,19004.13,19233.82,1003.13,1007.6,925.96,928.64,1533.74,1540.66,1468.96,1468.96
2025-11-19,31208.17,31376.59,30564.19,30574.1,5794.05,5840.59,5607.91,5765.34,2952.71,3110.3,2838.25,2959.34,5603.9,5663.09,5426.31,5564.43,10469.11,10667.2,10246.26,10508.73,1606.01,1661.13,1540.45,1606.5,26562.08,26740.58,25377.02,26110.86,18974.17,19443.53,18245.16,19123.97,943.54,982.08,903.91,958.84,1478.6,1510.25,1437.31,1469.2
2025-11-20,32595.2,32733.9,31871.96,32198.9,5920.78,6010.88,5824.74,5950.49,3291.11,3292.77,3019.89,3133.52,5791.35,5811.08,5702.56,5742.02,11192.14,11192.14,10711.77,10766.25,1718.24,1721.22,1630.84,1695.39,28094.22,28104.14,27290.96,27722.34,21320.98,21420.84,20407.22,20806.68,998.66,1036.9,963.41,982.77,1562.67,1597.28,1554.26,1579.48
2025-11-21,30514.65,30752.43,29850.86,29900.4,5554.45,5671.28,5447.52,5518.8,2916.21,2939.44,2824.15,2873.91,5544.7,5613.76,5376.98,5446.04,10469.11,10691.97,10429.49,10568.16,1592.6,1621.4,1567.27,1590.61,26234.82,26924.04,26086.07,26294.32,18734.5,19143.94,18265.14,18290.11,918.71,927.05,873.12,880.47,1455.85,1476.13,1401.45,1408.87
2025-11-25,30712.8,31000.11,30445.3,30811.88,5645.54,5652.47,5461.38,5470.29,2984.23,3018.23,2878.06,2883.04,5544.7,5603.9,5455.91,5485.51,11008.91,11048.53,10587.97,10682.06,1640.77,1686.46,1598.06,1600.05,26790.16,27429.79,26269.53,26269.53,19089.02,19423.56,18794.42,19054.06,910.27,922.88,892.29,895.87,1458.32,1529.04,1451.65,1498.87
2025-11-26,30910.95,31287.43,30762.34,30881.23,5547.52,5801.97,5512.86,5719.79,2906.26,3024.04,2889.67,2991.69,5515.1,5653.23,5485.51,5564.43,10761.3,11043.58,10761.3,10840.53,1631.83,1649.71,1609.98,1630.34,26725.7,27122.37,26224.91,26403.41,19413.58,19658.24,19218.84,19433.55,889.31,923.48,882.76,915.24,1471.43,1531.76,1463.52,1496.15
2025-11-27,31545.02,32030.48,31386.5,31881.87,5790.09,5916.82,5761.38,5873.26,3041.46,3046.43,2978.42,3002.47,5564.43,5722.29,5524.97,5712.42,11008.91,11028.72,10865.3,10969.29,1719.23,1751.51,1695.39,1751.51,26993.46,27766.97,26785.21,27618.21,20072.68,20527.06,20002.77,20382.26,918.71,946.22,911.36,941.56,1520.88,1536.46,1501.84,1505.55
2025-11-28,31881.87,31901.68,31208.17,31505.39,5871.28,5965.34,5819.79,5933.66,3025.7,3058.04,2959.34,2977.59,5712.42,5761.75,5653.23,5722.29,10840.53,10929.67,10736.54,10776.15,1701.35,1702.35,1653.68,1657.65,27568.63,27846.3,27196.75,27846.3,20576.99,20651.89,20232.46,20547.03,956.16,987.14,951.69,986.05,1530.28,1548.33,1506.04,1518.41
2025-12-01,32198.9,32317.79,31247.8,31336.96,5980.19,6044.55,5800.98,5811.87,2955.2,2956.86,2687.3,2711.35,5682.83,5722.29,5505.24,5505.24,10791.01,10800.92,10315.59,10444.35,1685.96,1694.9,1622.89,1638.78,28476.02,28480.97,27286.0,27524.01,20851.62,21006.41,19493.47,19673.22,986.05,998.17,940.26,953.47,1528.79,1579.97,1492.94,1565.14
2025-12-02,31455.85,31644.09,30920.86,31010.02,5873.26,5930.68,5816.82,5824.74,2748.67,2823.32,2741.21,2753.65,5534.84,5574.3,5376.98,5446.04,10444.35,10528.54,10375.02,10379.97,1653.18,1677.52,1637.29,1655.67,27885.97,28659.47,27687.63,28004.97,19773.09,19972.81,19523.43,19783.07,968.37,979.5,955.76,962.41,1582.45,1653.16,1581.46,1623.24
2025-12-03,32248.44,32803.25,31901.68,32476.31,5870.29,5950.49,5858.41,5904.94,2811.71,2872.26,2786.83,2824.98,5465.77,5505.24,5396.71,5465.77,10627.59,10815.77,10563.21,10800.92,1684.47,1685.46,1641.26,1641.26,28614.85,30186.66,28565.26,30057.74,20322.34,21171.18,20307.36,20831.64,977.31,1007.11,962.41,1002.14,1640.31,1732.78,1629.43,1690.99
2025-12-04,32545.66,33506.68,32446.59,33506.68,5840.59,5925.73,5811.87,5876.23,2790.14,2871.43,2788.48,2811.71,5475.64,5613.76,5475.64,5574.3,10781.11,11063.39,10771.2,10924.72,1666.59,1691.42,1651.69,1687.95,29918.9,32150.18,29710.65,31932.01,20646.9,21016.39,20237.45,20671.86,989.33,995.68,968.67,974.63,1666.27,1670.72,1629.92,1661.57
2025-12-05,32813.16,32842.88,32466.4,32832.98,5791.08,5934.65,5782.17,5924.74,2836.59,2892.16,2785.17,2861.47,5505.24,5633.5,5505.24,5544.7,10617.68,10825.68,10498.83,10781.11,1688.44,1770.38,1672.55,1764.92,31237.84,32497.27,31208.09,32328.68,20172.54,20412.22,20047.71,20172.54,968.37,977.81,954.57,966.09,1624.98,1659.84,1597.78,1650.44
2025-12-08,32872.6,33298.62,32367.33,32852.79,5920.78,5958.41,5836.63,5944.55,2936.12,3083.76,2892.99,3061.36,5623.63,5761.75,5584.17,5702.56,10929.67,11286.24,10914.82,11221.86,1762.44,1800.67,1753.0,1790.24,32110.51,32110.51,30851.08,31495.67,20147.58,20302.37,19708.17,20222.47,974.63,1009.09,963.9,1007.6,1656.62,1718.69,1654.15,1716.21
2025-12-09,33189.64,33635.47,33060.84,33278.8,5948.51,6075.24,5925.73,5998.01,3071.31,3080.44,2963.49,3063.85,5712.42,5742.02,5564.43,5643.36,11221.86,11459.57,11172.34,11360.52,1757.47,1766.9,1704.33,1716.75,31664.26,33052.61,31515.51,32636.1,20422.2,20517.07,20082.66,20227.47,1016.05,1021.51,988.24,999.66,1734.02,1777.53,1717.45,1757.75
2025-12-10,33467.05,33724.64,32565.48,32813.16,6089.1,6116.82,5980.19,6045.54,3126.89,3146.79,2992.52,3062.19,5584.17,5603.9,5465.77,5495.37,11415.0,11573.47,11182.24,11256.52,1747.04,1784.78,1730.65,1769.39,32447.68,32794.77,30940.33,31257.67,20287.39,20542.04,19663.24,20122.61,1001.64,1007.11,973.64,988.93,1768.14,1783.96,1685.06,1714.98
2025-12-11,33486.86,33566.12,32109.74,32297.98,6067.32,6075.24,5911.87,5931.67,3085.41,3163.38,3009.11,3022.38,5594.03,5603.9,5376.98,5426.31,11553.66,11563.57,11127.77,11256.52,1772.86,1783.29,1684.47,1686.46,31535.34,31535.34,30117.24,30742.0,20222.47,21116.26,20192.52,21011.4,986.25,995.68,950.49,951.79,1723.14,1728.08,1644.76,1649.45
2025-12-12,31039.74,32189.0,31039.74,31208.17,5964.35,5964.35,5793.06,5867.32,3068.83,3083.76,2996.67,3068.83,5485.51,5643.36,5455.91,5633.5,11459.57,11618.04,11330.81,11618.04,1735.62,1759.46,1690.43,1756.48,31188.25,31188.25,30365.16,30821.33,20951.48,21206.14,20402.23,20756.75,963.41,982.77,956.95,974.83,1649.7,1671.71,1637.83,1646.49
2025-12-15,30514.65,31188.35,30375.95,30851.5,5686.13,5713.85,5569.3,5713.85,2902.94,2982.57,2867.28,2934.46,5534.84,5564.43,5465.77,5524.97,11335.76,11424.9,11221.86,11424.9,1732.14,1766.41,1723.2,1740.58,30246.16,31158.5,29869.32,30047.82,19758.11,19942.86,19388.61,19423.56,943.54,961.22,929.84,937.19,1607.17,1645.25,1602.23,1639.81
2025-12-16,31119.0,31158.63,30316.51,30683.08,5579.2,5593.06,5470.29,5514.84,2840.74,2858.98,2713.01,2737.06,5534.84,5554.57,5386.85,5416.44,11340.71,11340.71,11043.58,11058.43,1721.22,1726.18,1675.53,1699.86,29869.32,30047.82,29105.73,29199.94,19503.45,19733.14,19104.0,19148.94,922.29,926.16,891.7,898.85,1570.08,1596.05,1525.58,1543.38
2025-12-17,30910.95,31029.84,30415.58,31029.84,5499.0,5606.92,5425.73,5577.22,2737.89,2763.6,2643.34,2741.21,5475.64,5574.3,5376.98,5485.51,11172.34,11335.76,11028.72,11098.05,1685.96,1735.62,1671.56,1715.26,29343.73,29601.57,28619.81,29095.81,19253.79,19558.38,19118.98,19423.56,908.08,922.68,886.63,914.04,1560.44,1588.38,1516.18,1562.91
2025-12-18,29940.03,30415.58,29781.51,30029.19,5504.94,5539.6,5444.55,5480.19,2620.94,2692.27,2610.16,2647.48,5367.11,5426.31,5298.05,5376.98,10895.01,11112.91,10885.1,11043.58,1664.11,1702.84,1652.69,1670.56,28089.26,28386.76,27568.63,27856.22,18454.88,18934.23,18434.91,18779.44,884.25,911.46,878.09,899.84,1508.27,1541.4,1491.7,1503.32
2025-12-19,30425.49,31089.28,30405.67,30910.95,5554.45,5587.12,5484.15,5562.37,2676.51,2800.1,2666.56,2758.63,5396.71,5426.31,5357.25,5376.98,11127.77,11182.24,11058.43,11122.81,1682.48,1710.29,1667.09,1710.29,28352.05,28818.14,28104.13,28282.64,19069.04,19383.62,18879.3,19168.91,918.71,921.99,901.03,920.1,1530.03,1576.02,1526.07,1558.46
2025-12-22,32496.13,33130.2,32169.18,32862.7,5693.06,5803.95,5664.35,5803.95,2873.91,2960.17,2847.37,2950.22,5446.04,5495.37,5386.85,5475.64,11419.95,11652.71,11340.71,11563.57,1748.03,1791.24,1732.14,1771.37,29760.24,30137.07,29487.52,29968.49,19673.22,20142.58,19543.4,20022.75,950.49,970.36,945.23,970.36,1618.3,1672.45,1609.4,1671.71
2025-12-23,32862.7,33050.94,32466.4,32694.27,5748.51,5874.25,5718.8,5860.39,2952.71,2965.98,2907.09,2959.34,5515.1,5554.57,5495.37,5554.57,11826.04,11875.56,11514.04,11637.85,1755.98,1804.65,1742.57,1796.2,29750.32,29879.24,29472.65,29750.32,20032.73,20042.72,19563.37,19648.26,968.07,983.07,961.12,983.07,1646.98,1649.45,1617.81,1633.88
2025-12-24,32783.44,33546.31,32605.11,32912.23,5842.57,5882.17,5767.32,5801.97,2959.34,3024.04,2949.39,2997.5,5564.43,5692.69,5515.1,5623.63,11707.18,11791.37,11553.66,11647.75,1787.76,1878.64,1777.33,1875.66,29780.07,29918.91,29363.57,29487.53,19828.01,20237.45,19803.05,20132.6,982.18,1009.59,973.44,1009.09,1619.78,1627.2,1602.72,1607.67
2025-12-25,32793.35,33476.95,32783.44,33476.95,5828.7,5833.66,5762.37,5813.85,2966.81,2987.54,2896.31,2922.85,5633.5,5653.23,5544.7,5603.9,11692.32,11712.13,11479.38,11598.23,1876.65,1917.87,1840.4,1859.27,29472.65,29611.49,28996.65,29115.65,20012.76,20172.54,19678.22,19768.09,1003.63,1016.05,988.83,1007.11,1609.65,1622.75,1591.6,1617.06
2025-12-26,33506.67,34071.39,33486.86,34011.95,5821.77,5838.61,5703.95,5764.35,2934.46,2945.24,2824.98,2846.54,5672.96,5751.89,5475.64,5505.24,11652.71,11731.94,11538.8,11598.23,1867.22,1918.86,1865.73,1903.97,29328.86,29789.99,29219.77,29750.32,19803.04,20437.18,19768.09,20217.48,1008.6,1010.58,979.79,981.68,1625.47,1625.47,1537.45,1546.59
2025-12-29,34279.45,34348.8,33595.84,33912.88,5829.12,5903.85,5804.21,5827.12,2888.84,2979.25,2873.08,2953.54,5554.57,5584.17,5505.24,5564.43,11667.56,11840.89,11603.18,11840.89,1943.69,1982.93,1919.36,1951.64,29931.6,29951.52,29194.52,29304.09,20097.64,20147.58,19703.18,19753.11,976.02,1006.11,976.02,997.17,1564.15,1606.93,1557.72,1566.62
2025-12-30,33457.14,34180.38,33447.23,34002.04,5789.26,5845.06,5764.35,5783.28,2912.07,2958.51,2883.04,2892.99,5554.57,5564.43,5495.37,5495.37,11771.56,11806.23,11662.61,11736.9,1887.08,1961.08,1877.15,1946.67,29299.11,29762.27,28905.66,29528.2,19558.38,19818.03,19513.44,19608.31,983.37,1014.06,974.23,994.19,1563.66,1590.61,1539.18,1563.9
2026-01-05,35745.74,36736.47,35389.07,36587.86,5956.66,6050.32,5897.87,5983.56,3002.47,3077.12,2941.1,3059.7,5692.69,5830.82,5643.36,5801.22,12098.41,12167.74,11930.03,11974.6,2016.2,2023.65,1970.51,2006.27,30828.06,31903.8,30389.79,31585.06,20377.26,21241.09,20252.43,21146.22,1038.89,1052.79,1013.56,1046.83,1613.35,1677.64,1595.3,1659.1
2026-01-06,36855.36,37251.66,36280.74,37003.97,6002.5,6089.18,5900.86,6078.22,3097.03,3102.0,3009.11,3068.83,5781.49,5820.95,5682.83,5811.08,12093.46,12157.84,11895.37,12108.32,2055.93,2150.28,2045.99,2144.82,31873.92,32690.69,31644.83,32630.93,21315.99,21570.64,21151.21,21525.7,1056.27,1067.2,1032.93,1045.84,1642.53,1644.51,1580.96,1613.85
2026-01-07,37152.58,38153.23,37043.6,37816.38,6127.05,6236.66,6089.18,6120.07,3063.85,3097.03,2984.23,3026.53,5712.42,5811.08,5682.83,5722.29,12004.32,12256.88,11939.94,12009.27,2164.68,2202.42,2121.48,2121.48,32670.77,32999.47,31654.79,31973.53,21570.64,21620.57,20422.2,20576.99,1016.05,1034.92,1000.65,1005.12,1617.56,1690.25,1615.83,1643.52
2026-01-08,36835.55,37122.86,36102.4,36300.55,6024.42,6078.22,5913.81,5992.53,3005.79,3057.21,2917.04,2917.04,5742.02,5830.82,5692.69,5712.42,12038.98,12128.13,11835.94,11835.94,2133.4,2198.45,2076.29,2083.74,31774.32,31913.76,30579.04,30579.04,20572.0,20746.76,20042.72,20077.67,1005.12,1010.09,985.75,985.75,1632.15,1639.81,1567.61,1571.57
2026-01-09,36657.22,37846.1,36142.03,37558.79,5971.61,6017.44,5862.0,6017.44,2866.45,2882.21,2761.94,2834.1,5692.69,5781.49,5623.63,5761.75,11771.56,11984.51,11514.04,11806.23,2096.65,2180.08,2044.01,2174.12,30589.0,30828.06,29563.06,30260.3,20152.57,20407.22,19713.17,20227.47,984.46,995.19,958.24,994.69,1568.85,1570.08,1511.98,1558.71
2026-01-13,40620.16,40976.82,39639.33,40649.88,6227.69,6343.27,6140.0,6317.37,2936.95,2944.41,2826.64,2847.37,5919.61,5919.61,5830.82,5890.01,12370.79,12633.26,12182.6,12380.69,2261.52,2311.68,2195.97,2250.59,32352.03,33965.65,32232.5,32949.66,21465.78,22359.56,21281.03,21955.12,1020.51,1020.51,982.67,989.63,1627.45,1637.83,1589.37,1601.98
2026-01-14,41075.89,42007.19,40877.75,41918.02,6304.41,6367.19,6258.58,6367.19,2869.77,2884.7,2799.27,2868.94,5909.74,5968.94,5830.82,5968.94,12618.4,12717.45,12474.79,12593.64,2306.21,2479.03,2305.22,2419.93,33537.34,35150.96,33328.17,34662.89,22129.88,23253.35,22129.88,23028.65,992.21,1000.65,979.89,989.73,1623.24,1626.71,1576.27,1601.98
2026-01-15,40620.16,42601.63,40293.21,42195.43,6247.62,6440.92,6239.65,6434.95,2820.83,2874.74,2804.24,2869.77,5949.21,5988.67,5860.41,5899.88,12400.5,12568.88,12088.51,12306.41,2444.76,2612.12,2425.4,2541.6,34115.06,35858.16,33597.11,35688.83,22569.28,22714.08,21860.25,22459.43,979.69,987.24,963.7,975.82,1619.54,1677.39,1619.04,1660.58
2026-01-16,42601.63,42611.54,41214.6,41759.5,6426.97,6481.78,6293.45,6464.84,2869.77,2949.39,2833.27,2937.78,5919.61,6146.53,5909.74,6146.53,12276.69,12390.6,12004.32,12326.22,2565.44,2679.66,2535.15,2591.76,36455.8,36784.5,35380.05,36445.84,22958.75,23048.63,22284.67,22769.01,979.1,1035.41,971.65,1030.94,1661.57,1708.05,1654.89,1688.27
2026-01-19,41630.71,42036.91,41274.04,41789.23,6327.33,6496.72,6246.62,6458.86,2820.0,2892.16,2781.02,2868.11,6126.8,6235.32,6116.93,6176.13,12182.6,12425.26,12182.6,12380.69,2584.31,2699.02,2561.47,2690.08,36156.98,37172.96,35718.71,36854.22,22169.82,22659.16,22025.02,22129.88,1005.12,1066.7,1004.13,1064.71,1640.8,1675.66,1632.15,1668.99
2026-01-20,41353.3,41531.63,40233.77,40699.41,6387.12,6414.02,6239.65,6293.45,2835.76,2840.74,2760.28,2800.1,5781.49,5968.94,5584.17,5890.01,11885.46,11915.18,11424.9,11459.57,2734.28,2774.01,2607.15,2656.81,36475.72,36714.77,35409.93,35888.04,22025.02,22054.98,21286.03,21455.79,1067.2,1144.66,1052.3,1112.39,1681.35,1683.82,1613.6,1631.16
2026-01-21,39847.38,41174.97,39847.38,40828.21,6094.17,6341.28,6080.22,6340.29,2733.74,2987.54,2728.77,2974.27,5692.69,5949.21,5692.69,5929.48,11162.43,11509.09,11142.62,11182.24,2607.15,2725.34,2577.36,2634.96,35340.21,36834.3,35111.12,36455.8,20921.52,21870.23,20901.55,21740.41,1069.18,1211.71,1069.18,1199.29,1584.67,1665.28,1583.19,1654.15
2026-01-22,42423.3,42928.57,41719.87,42106.26,6450.89,6752.81,6395.09,6707.97,3029.84,3056.38,2953.54,3013.26,6018.27,6067.6,5919.61,6008.4,11479.38,11484.33,11083.2,11083.2,2642.41,2659.79,2489.95,2559.98,37451.86,39214.88,37262.61,38577.41,22369.55,23168.46,22119.89,22818.94,1211.21,1211.71,1161.05,1172.97,1703.6,1722.64,1648.96,1658.85
2026-01-23,41918.02,42145.89,41145.25,41333.49,6508.68,6652.17,6470.82,6586.4,3036.48,3038.97,2943.58,2970.13,6047.87,6284.65,6047.87,6166.26,11162.43,11410.05,11053.48,11395.19,2654.83,2703.49,2602.68,2637.94,36854.22,37053.43,36057.37,36346.23,22808.95,23862.52,22729.06,23498.02,1194.33,1243.49,1181.91,1212.2,1692.48,1705.33,1660.33,1662.81
2026-01-26,40639.97,41927.93,40451.73,40709.32,6476.8,6621.28,6436.94,6475.8,2903.77,3047.26,2902.94,2979.25,5968.94,6136.66,5949.21,5978.81,11221.86,11400.14,11107.96,11162.43,2642.41,2672.21,2544.08,2546.57,35648.99,36475.72,35270.49,35559.34,22998.7,23717.72,22769.01,23542.96,1212.7,1296.62,1203.26,1248.95,1638.08,1665.03,1617.06,1618.79
2026-01-27,41006.54,41809.04,40600.34,41739.69,6557.51,6795.65,6530.6,6793.66,2977.59,3047.26,2923.68,3047.26,5929.48,6166.26,5919.61,6126.8,11340.71,11548.71,11261.48,11434.81,2546.07,2610.13,2522.73,2544.58,36147.02,36993.67,35639.03,36754.61,23762.65,24921.08,23468.06,24921.08,1278.75,1298.11,1240.51,1281.23,1612.86,1661.08,1603.71,1651.43
2026-01-28,42393.57,44196.71,41898.2,43394.21,6661.14,6724.91,6620.28,6718.93,3246.32,3420.5,3233.88,3329.26,6057.73,6067.6,5959.07,6008.4,11637.85,11657.66,11449.66,11657.66,2543.59,2620.56,2531.17,2581.33,37212.8,40161.14,36854.22,39065.47,24946.04,25505.28,24536.6,25505.28,1400.41,1442.63,1379.56,1431.2,1722.15,1777.29,1706.32,1733.27
2026-01-29,43998.56,44018.38,40709.32,40947.1,6805.62,6847.47,6643.2,6717.93,3322.63,3328.43,3159.23,3229.73,6067.6,6156.39,6008.4,6136.66,11771.56,11865.66,11479.38,11637.85,2630.99,2640.42,2544.08,2606.16,39065.47,39344.37,36206.78,37312.41,28955.59,29210.24,26823.49,26823.49,1431.2,1460.01,1361.68,1373.1,1741.19,1759.24,1683.58,1696.19
2026-01-30,40639.97,41551.45,40392.29,40927.29,6731.88,7349.67,6613.31,7251.02,3234.71,3334.24,3155.91,3246.32,6146.53,6166.26,5870.28,5959.07,11395.19,11439.76,10736.54,10885.1,2594.24,2715.41,2459.17,2519.25,37053.43,37302.45,35888.04,36246.62,25734.97,26444.01,25120.81,25470.33,1364.66,1424.75,1325.43,1343.8,1674.43,1709.54,1653.16,1662.56
2026-02-02,39906.83,40986.73,39252.94,39292.57,7283.9,7603.76,7224.12,7245.04,3312.67,3500.95,3234.71,3294.43,5880.15,6126.8,5860.41,6038.0,10914.82,11142.62,10597.87,10607.78,2419.93,2517.27,2325.08,2337.0,33696.71,34095.13,31047.19,31186.64,25310.55,26379.09,24271.96,24271.96,1314.01,1400.41,1295.13,1300.6,1666.51,1743.16,1660.58,1682.34
2026-02-03,40204.05,41402.84,39807.75,41174.97,7427.39,7581.84,7354.65,7581.84,3483.53,3661.03,3441.23,3612.92,6215.59,6472.11,6156.39,6412.91,11112.91,11256.53,11013.86,11157.48,2386.66,2470.09,2362.83,2463.64,32222.54,32461.6,31296.21,31973.53,25505.28,26034.56,24926.07,25994.62,1360.19,1450.57,1350.75,1414.82,1709.78,1929.6,1694.21,1892.76
2026-02-04,40204.05,40620.16,39569.98,40322.94,7572.87,7691.44,7408.46,7664.54,3649.41,3843.5,3626.19,3783.78,6363.58,6531.3,6333.98,6452.38,11048.53,11098.05,10459.21,10508.73,2562.46,2645.89,2547.06,2622.05,30429.63,30469.48,29259.26,29687.57,25390.44,25789.9,24981.0,25440.37,1422.76,1557.84,1418.79,1518.61,1960.75,2037.15,1911.79,1936.77
2026-02-05,39678.96,40342.75,39114.24,39619.52,7644.61,7660.56,7356.64,7381.55,3732.36,3776.32,3539.93,3592.19,6363.58,6541.17,6343.85,6541.17,9806.5,10379.97,9805.51,10305.69,2659.79,2723.36,2489.95,2528.69,29284.16,30290.19,28547.08,28776.17,24666.43,25035.92,23782.63,24217.04,1484.84,1503.21,1414.82,1427.73,1908.83,1928.61,1788.66,1831.44
2026-02-06,39787.94,40966.91,39451.09,40649.88,7263.98,7450.31,7230.1,7414.44,3533.3,3743.14,3526.66,3714.94,6452.38,6669.43,6403.05,6570.77,10132.36,10721.68,10127.41,10672.16,2437.81,2521.24,2413.48,2511.81,29189.54,30290.19,28686.53,30071.05,23368.19,24626.48,23293.29,24496.66,1397.93,1474.41,1395.45,1440.14,1799.29,1874.21,1777.78,1864.32
2026-02-09,41194.78,41937.84,39936.55,40223.86,7713.37,8513.5,7584.83,8401.9,3871.7,4079.88,3508.41,3641.95,6856.88,6876.61,6689.16,6797.69,10964.34,10994.05,10810.82,10934.63,2649.36,2691.08,2580.34,2671.71,31475.5,31734.47,30987.43,31176.68,27492.58,28086.77,26983.27,27317.82,1501.72,1738.1,1459.01,1738.1,2076.96,2120.97,2011.69,2068.8
2026-02-10,41343.39,41977.46,40372.47,41115.52,8522.47,8579.26,8075.07,8192.65,3848.47,3952.15,3749.77,3825.25,6896.35,7034.47,6847.02,6985.14,11192.15,11618.04,11033.67,11568.52,2709.45,2777.98,2658.8,2760.6,31425.69,31575.1,30310.11,30788.21,27542.51,28281.5,27267.88,27637.38,1976.47,2135.38,1951.14,2135.38,2159.3,2196.14,2119.24,2158.06
2026-02-12,41511.82,42017.1,40352.66,40917.38,8309.23,8373.0,8179.7,8300.26,3877.5,3887.46,3691.71,3823.59,6965.41,7133.13,6906.21,7064.07,11479.38,11667.56,11251.57,11390.24,3078.92,3257.7,3042.17,3257.7,31475.5,31565.14,30758.33,31027.27,27862.07,27961.94,26723.62,26773.56,2124.46,2312.67,2096.65,2199.45,2113.06,2226.31,2095.51,2168.45
2026-02-13,40887.65,42284.59,40630.06,41600.98,8231.51,8410.87,8066.1,8296.28,3763.04,3810.32,3600.48,3615.41,6916.08,6965.41,6639.83,6699.03,11251.57,11385.28,11048.53,11157.48,3268.62,3581.48,3155.4,3346.09,30330.03,31037.23,30200.54,30738.41,26274.24,27402.7,25999.61,27093.12,2149.78,2192.99,2110.55,2134.89,2148.67,2200.34,2111.58,2124.68
2026-02-16,41392.93,41442.47,40630.06,40996.64,8564.32,8717.77,8462.68,8649.01,3630.34,3673.47,3534.96,3557.35,6787.82,6975.27,6758.22,6935.81,11211.95,11345.67,11157.48,11315.95,3436.48,3444.42,3247.77,3267.63,30857.94,30987.43,30220.46,30589.0,27402.7,27432.66,26943.33,27063.16,2164.68,2172.13,2078.27,2102.61,2180.81,2194.16,2134.33,2139.52
2026-02-17,41561.36,42423.3,41204.69,41759.5,8680.9,8918.05,8583.25,8887.16,3549.89,3622.87,3468.6,3553.2,6906.21,6935.81,6768.09,6827.28,11315.95,11315.95,11152.53,11241.67,3302.39,3350.07,3168.31,3214.0,30818.1,30987.43,30081.01,30499.36,27103.11,27187.99,26444.01,26758.58,2077.28,2109.06,2033.08,2098.14,2137.29,2179.57,2098.47,2139.02
2026-02-18,42185.52,43513.11,41987.37,42988.02,8921.04,9151.21,8835.35,8877.2,3583.06,3715.77,3535.79,3705.81,7143.0,7586.97,7064.07,7369.91,11484.33,11850.8,11449.66,11786.42,3169.3,3306.37,3158.38,3226.91,30479.44,31266.32,30369.87,31047.19,26653.72,27187.99,26289.22,26923.35,2099.13,2184.05,2075.3,2176.1,2104.65,2216.66,2090.07,2182.29
2026-02-19,44335.42,45028.93,44028.29,44216.53,8957.91,9333.56,8908.09,9204.03,3765.53,3842.67,3746.46,3807.0,7429.11,7438.98,7271.25,7360.05,11786.42,12024.13,11697.28,11915.18,3282.53,3365.96,3262.67,3365.96,31355.97,31664.75,30598.96,30887.82,27417.68,27817.14,25620.13,25959.67,2184.05,2282.87,2155.25,2270.46,2230.26,2344.99,2223.34,2304.44
2026-02-20,43394.22,43840.05,42562.0,43552.73,9117.34,9376.41,9066.52,9204.03,3808.66,3841.84,3743.97,3798.71,7379.78,7616.57,7350.18,7557.37,11999.37,12454.98,11811.18,12454.98,3365.96,3413.63,3310.34,3365.96,30608.92,30648.77,29866.86,30519.28,25505.28,26204.33,25305.56,25440.37,2241.16,2347.93,2210.37,2317.64,2289.36,2448.59,2282.68,2410.26
2026-02-24,43275.33,43968.84,42968.2,43968.84,9177.12,9301.68,9092.43,9149.22,3881.65,4233.32,3879.99,4178.58,7478.44,7596.83,7429.11,7468.57,12395.55,13024.49,12157.84,13004.68,3498.05,3707.62,3497.06,3666.9,30728.45,31943.65,30678.65,31794.24,25465.34,26723.63,25435.38,26583.82,2466.62,2722.37,2441.79,2672.71,2522.03,2693.87,2522.03,2569.0
2026-02-25,44434.49,46168.28,44355.23,45801.7,9281.75,9325.59,9089.44,9281.75,4184.39,4465.56,4079.05,4449.8,7616.57,7715.23,7488.31,7646.16,13559.33,13618.76,13197.82,13291.91,3774.16,4151.58,3724.5,4116.82,32132.9,32989.51,32033.29,32411.79,26728.62,28576.1,26573.83,28576.1,2699.03,2811.75,2665.75,2793.38,2607.33,2693.87,2567.77,2649.36
2026-02-26,46168.28,46168.28,44305.69,44890.23,9346.52,9406.3,8858.26,9148.23,4532.74,4827.18,4413.3,4555.96,7774.42,7794.15,7537.64,7596.83,13811.9,13811.9,13192.87,13272.1,4394.91,4394.91,3919.17,4113.84,32620.97,33358.05,31505.38,33358.05,29000.53,29305.11,27237.92,28086.77,2817.22,2882.77,2656.81,2781.46,2667.91,2670.38,2504.72,2531.92
2026-02-27,42809.68,43889.58,42700.7,43602.27,8958.9,9187.09,8880.19,9187.09,4390.08,4444.82,4271.47,4439.85,7537.64,7725.09,7508.04,7715.23,13222.58,13777.23,13158.2,13777.23,3923.14,4130.72,3855.61,4130.72,32262.38,33796.32,31654.79,33527.38,26978.28,27038.2,26324.17,26813.5,2632.48,2790.9,2539.62,2790.9,2411.25,2571.48,2371.94,2565.3
2026-03-02,42294.5,43384.31,42254.87,43126.72,9037.62,9604.59,8977.84,9600.6,4296.36,4723.5,4294.7,4715.21,7606.7,7882.95,7606.7,7833.62,13182.96,13579.14,13118.58,13465.24,3943.01,4335.32,3937.05,4326.38,32252.42,34493.56,31724.51,34154.9,26314.18,26424.03,25680.05,25764.93,2691.58,3053.1,2684.62,2961.73,2468.86,2705.0,2464.91,2686.45
2026-03-03,43146.53,43582.45,41937.83,42205.33,9535.84,9695.27,9053.56,9075.49,4827.18,4944.96,4483.8,4536.89,7843.48,7932.28,7360.05,7409.38,13569.24,13638.57,12712.49,12846.21,4395.91,4735.58,4253.88,4274.74,33915.84,34493.56,33328.17,34085.17,25964.66,26538.88,25405.42,25690.03,3071.97,3190.16,2872.34,2903.13,2823.68,2842.22,2539.33,2552.93
2026-03-04,40986.73,41918.02,39748.31,40313.03,8627.09,9033.64,8370.01,8553.36,4397.55,4528.59,4112.23,4209.27,7113.4,7251.52,6777.95,6975.27,12073.65,12494.59,11558.61,11979.56,4066.16,4273.74,3696.69,3879.44,33387.93,34891.98,32182.7,32959.62,24876.14,25555.22,23787.62,24466.7,2803.81,2959.74,2686.61,2748.69,2433.51,2577.66,2374.17,2458.97
2026-03-05,42096.35,42888.94,41036.27,41333.49,9151.21,9223.95,8678.91,8801.47,4458.09,4597.43,4283.92,4366.03,7320.58,7488.31,7133.13,7261.39,12509.45,12558.97,11811.18,12019.18,4221.1,4260.83,3945.99,4009.55,33656.87,34513.48,32391.87,33417.81,25764.93,26374.1,24921.08,25500.29,2897.67,2983.58,2739.25,2827.15,2581.37,2594.97,2448.1,2466.39
2026-03-06,40639.97,41640.61,40451.73,41402.84,8569.3,8831.36,8492.57,8783.53,4283.09,4306.31,4003.57,4163.65,7182.46,7320.58,7064.07,7271.25,11791.37,11930.03,11142.62,11291.19,3934.07,4050.27,3799.99,4022.46,32720.57,33348.09,31774.31,33178.76,25000.97,25739.96,24836.19,25675.05,2777.49,2859.92,2659.3,2795.86,2418.18,2475.05,2343.51,2447.11
2026-03-09,37935.26,38807.11,37251.65,38559.43,7906.67,8005.32,7415.43,7697.42,3748.94,3855.11,3543.25,3751.43,6659.56,6787.82,6472.11,6699.03,10102.64,10424.54,9939.22,10414.64,3674.84,3751.32,3457.33,3657.96,30379.83,30788.22,28696.49,30240.38,23108.55,23398.15,22089.93,22843.91,2543.59,2577.86,2305.22,2512.8,2225.32,2274.52,2114.05,2256.22
2026-03-10,40382.38,40818.31,38797.2,39659.14,7981.41,8168.73,7891.73,7979.41,4014.36,4152.04,3917.32,3991.96,7073.93,7172.59,6965.41,7014.74,10781.11,11058.43,10637.49,10880.15,3972.8,4008.56,3809.92,3893.35,32860.02,34702.73,32730.53,34633.01,24037.28,24416.77,23587.89,24042.28,2661.78,2809.77,2635.46,2726.84,2552.93,2561.59,2445.87,2455.51
2026-03-11,40352.66,40669.69,39579.89,40154.51,8218.56,8505.53,8173.72,8373.0,4180.24,4356.07,4138.77,4254.89,7271.25,7429.11,7221.92,7310.72,11271.38,11395.19,11157.48,11157.48,4032.4,4305.53,4017.5,4157.54,35001.55,36724.73,34174.82,36057.37,24541.6,25390.44,24251.99,24851.17,2830.62,3047.14,2807.78,2954.77,2593.73,2726.01,2570.24,2649.36
2026-03-12,39629.42,39926.64,38965.63,39381.74,8273.36,8320.19,8095.0,8192.65,4209.27,4394.23,4127.99,4263.18,7162.73,7340.32,7162.73,7300.85,11008.91,11271.38,10904.91,11117.86,4115.82,4199.25,3961.88,4005.58,35708.75,36645.05,35489.62,36206.78,24466.7,24631.47,23882.49,24466.7,2905.11,3012.38,2845.52,2873.33,2623.4,2645.65,2534.39,2562.82
2026-03-13,38153.23,38638.69,37945.17,37984.8,7916.64,8144.82,7911.66,8083.04,4097.3,4516.98,4087.34,4399.2,7152.86,7468.57,7152.86,7419.24,10875.2,11385.28,10870.25,11281.29,3873.48,4063.19,3863.55,4022.46,34812.3,37840.32,34712.69,37402.05,23468.06,23902.47,23423.12,23617.85,2817.71,3077.93,2804.8,3048.14,2425.59,2627.11,2423.12,2569.0
2026-03-16,38064.06,38787.3,37479.53,38787.3,8139.84,8384.96,8129.87,8353.07,4429.06,4429.89,4097.3,4251.57,7350.18,7389.65,7123.26,7300.85,11231.76,11419.95,10989.1,11147.58,4004.59,4031.4,3854.61,3977.77,37372.17,37780.56,36415.96,37651.07,23672.78,24107.19,23278.32,24107.19,3103.76,3106.73,2828.64,2920.51,2557.88,2575.19,2454.03,2509.66
2026-03-17,39480.81,39510.53,38272.11,38420.72,8612.15,8731.72,8298.27,8362.04,4326.22,4329.53,4048.36,4081.54,7448.84,7537.64,7320.58,7360.05,11365.48,11439.76,11122.81,11187.19,4071.13,4077.09,3807.93,3819.85,37850.28,37850.28,35708.75,35708.75,24451.72,24461.7,23353.21,23513.0,2959.74,2960.24,2724.35,2725.35,2528.21,2546.75,2340.54,2355.13
2026-03-18,39114.24,39916.73,38876.46,39916.73,8602.18,8693.85,8493.57,8615.13,4147.06,4264.84,4131.3,4264.01,7508.04,7734.96,7468.58,7734.96,11296.14,11771.56,11276.33,11613.09,3857.59,3954.93,3843.69,3952.94,35917.92,36147.02,35270.49,35878.08,24291.94,25095.84,24217.04,25095.84,2810.76,2876.81,2776.0,2852.48,2425.59,2482.46,2404.58,2473.81
2026-03-19,38648.59,39322.29,38599.06,38965.63,8318.2,8331.15,8125.89,8239.48,4195.17,4317.92,4174.43,4201.8,7586.97,7646.16,7468.57,7508.04,11315.95,11449.66,11023.77,11043.58,3813.89,3836.74,3727.48,3762.25,34762.49,35609.15,34523.44,34951.75,24007.32,24162.11,23717.72,23947.4,2802.82,2967.19,2791.89,2920.01,2407.55,2501.01,2400.13,2459.72
2026-03-23,37578.6,38182.95,37132.77,37945.17,7940.55,8011.3,7707.39,7874.79,3991.96,4116.37,3921.46,4035.92,7162.73,7350.18,7113.4,7290.99,10503.78,10632.54,10191.79,10404.73,3502.03,3543.74,3327.22,3346.09,32860.02,33278.37,31455.58,31903.8,22449.44,22908.82,22114.9,22699.1,2771.03,2820.69,2666.75,2749.18,2286.64,2314.82,2212.95,2278.23
2026-03-24,38985.44,39104.33,37925.36,38767.48,8173.72,8212.58,7799.06,8064.11,4183.56,4302.99,4105.59,4246.59,7498.17,7616.57,7409.38,7557.37,10786.06,10835.58,10513.68,10766.25,3485.14,3679.81,3408.67,3532.82,32601.05,32909.82,31077.07,31744.43,23198.42,23283.31,21980.08,22314.63,2798.84,2879.29,2700.02,2789.41,2463.67,2465.4,2297.02,2349.44
2026-03-25,40263.49,41056.08,39986.09,39986.09,8360.05,8472.65,8296.28,8418.84,4462.24,4589.14,4448.14,4557.62,7794.15,8257.86,7794.15,8218.39,11187.19,11301.1,11107.96,11286.24,3708.61,3790.05,3676.83,3774.16,33138.91,33776.39,32660.81,33278.36,22968.74,23532.97,22798.97,23393.16,3078.93,3139.51,3000.46,3102.76,2524.5,2549.22,2481.23,2524.5
2026-03-26,39579.89,40907.47,39569.98,40154.51,8539.41,8539.41,8002.33,8145.82,4589.14,4824.69,4587.48,4663.79,8366.38,8662.36,8159.2,8238.12,11454.62,11548.71,11202.05,11330.81,3761.25,3798.99,3631.14,3704.64,33567.22,34931.82,33467.61,34433.79,23253.35,23353.21,22684.12,22933.78,3152.42,3380.86,3149.44,3199.1,2525.73,2551.7,2418.92,2444.14
2026-03-27,38767.48,39025.07,38311.74,38926.0,7960.48,7991.37,7734.29,7955.5,4561.77,4665.45,4395.89,4583.33,8090.13,8129.6,7902.68,8100.0,11098.05,11370.43,10929.67,11311.0,3635.12,3704.64,3507.99,3652.0,33975.61,34961.71,33666.83,34832.22,22089.93,22394.52,21715.44,22040.0,3129.58,3137.52,2907.1,3068.0,2324.47,2365.02,2254.99,2344.0
2026-03-30,37600.0,38840.0,37210.0,38840.0,7473.23,7607.74,7400.49,7607.74,4445.0,4526.0,4230.0,4505.0,7670.0,7790.0,7510.0,7750.0,10580.0,10845.0,10495.0,10830.0,3446.0,3584.0,3437.0,3584.0,33437.73,35210.72,33387.93,35160.92,20465.0,20960.0,20260.0,20925.0,2970.0,3106.0,2893.5,3095.0,2231.25,2258.5,2196.0,2250.0
2026-03-31,36950.0,38220.0,36520.0,37230.0,7226.11,7478.21,7139.42,7345.68,4250.0,4281.0,4056.0,4090.0,7370.0,7650.0,7330.0,7500.0,10530.0,10840.0,10430.0,10580.0,3328.0,3483.0,3312.0,3312.0,33776.4,34692.77,32780.34,33218.6,20110.0,20870.0,19720.0,20330.0,2970.0,3098.0,2820.0,2878.5,2126.25,2207.25,2095.0,2095.0
2026-04-01,38630.0,39300.0,38380.0,39280.0,7794.08,7811.02,7553.94,7811.02,4370.0,4470.0,4291.0,4446.0,7900.0,8160.0,7810.0,8160.0,11250.0,11380.0,11090.0,11365.0,3592.0,3698.0,3513.0,3697.0,34334.19,35330.25,33626.99,35210.72,21495.0,22550.0,21335.0,22500.0,3050.0,3249.0,3028.0,3249.0,2200.0,2317.25,2187.5,2317.25
2026-04-02,39700.0,39710.0,37960.0,38020.0,7937.56,7954.5,7432.37,7444.33,4535.0,4662.0,4238.0,4293.0,8300.0,8360.0,7880.0,7930.0,11470.0,11505.0,10765.0,10765.0,3767.0,3783.0,3470.0,3528.0,35210.72,36874.14,34374.03,34882.02,22365.0,22445.0,21005.0,21125.0,3319.0,3379.0,3116.0,3242.0,2354.75,2388.75,2229.0,2276.0
2026-04-03,38880.0,39320.0,38280.0,38420.0,7593.79,7761.19,7593.79,7674.5,4430.0,4654.0,4420.0,4616.0,8060.0,8160.0,8020.0,8040.0,10770.0,10950.0,10715.0,10790.0,3642.0,3696.0,3592.0,3652.0,35957.77,36216.74,35499.58,35718.71,21600.0,21735.0,21370.0,21555.0,3500.0,3608.0,3418.0,3580.0,2387.5,2412.5,2338.25,2350.0
2026-04-06,38200.0,39260.0,38200.0,38370.0,7585.82,7922.62,7572.87,7766.18,4679.0,4732.0,4560.0,4600.0,8190.0,8380.0,8190.0,8240.0,10780.0,10820.0,10585.0,10585.0,3714.0,3795.0,3662.0,3689.0,35718.71,37531.54,35579.26,37312.41,21690.0,22385.0,21625.0,21930.0,3790.0,3805.0,3650.0,3730.0,2402.5,2474.75,2385.5,2385.5
2026-04-07,38650.0,39050.0,38270.0,38440.0,7787.1,7891.73,7717.35,7740.27,4597.0,4600.0,4320.0,4370.0,8250.0,8330.0,8100.0,8220.0,10695.0,10755.0,10455.0,10465.0,3698.0,3770.0,3653.0,3727.0,37182.92,37182.92,36326.31,36425.91,21900.0,22435.0,21725.0,22200.0,3660.0,3733.0,3577.0,3651.0,2361.75,2389.25,2269.75,2297.75
2026-04-08,41500.0,42410.0,41060.0,42410.0,8356.06,8714.78,8246.46,8714.78,4835.0,4888.0,4709.0,4876.0,8660.0,8720.0,8450.0,8630.0,11065.0,11130.0,10820.0,11130.0,4077.0,4253.0,4040.0,4233.0,37949.89,39942.01,37571.38,39782.64,24200.0,25220.0,23950.0,25220.0,4000.0,4298.0,3993.0,4294.0,2525.0,2600.0,2479.0,2578.75
2026-04-09,42830.0,42830.0,41750.0,42190.0,8722.75,8848.3,8574.28,8685.88,4806.0,5073.0,4740.0,5028.0,8630.0,8710.0,8540.0,8650.0,11160.0,11230.0,11040.0,11105.0,4200.0,4442.0,4153.0,4437.0,38846.34,39095.36,38188.94,38547.52,25000.0,25010.0,24540.0,24800.0,4274.0,4548.0,4182.0,4464.0,2541.25,2642.5,2492.5,2602.5
2026-04-10,42840.0,44040.0,42620.0,44040.0,8760.61,9148.23,8729.72,9065.52,5176.0,5644.0,5173.0,5630.0,8450.0,8640.0,8390.0,8390.0,11330.0,11555.0,11235.0,11395.0,4500.0,4647.0,4430.0,4577.0,38945.95,41465.98,38846.34,41416.18,25300.0,25800.0,24990.0,24990.0,4501.0,4602.0,4435.0,4580.0,2527.5,2653.75,2525.0,2645.0
2026-04-13,43370.0,43480.0,42300.0,42460.0,9035.63,9077.48,8854.28,9017.69,5914.0,6004.0,5647.0,5698.0,8490.0,8550.0,8230.0,8360.0,11245.0,11545.0,11185.0,11385.0,4577.0,4642.0,4501.0,4635.0,40938.07,41406.22,40320.51,41067.55,24650.0,25245.0,24545.0,24880.0,4600.0,4721.0,4493.0,4531.0,2621.25,2708.75,2444.5,2481.5
2026-04-14,43160.0,43820.0,42890.0,43700.0,9366.44,9635.48,9316.62,9624.52,5947.0,5985.0,5782.0,5935.0,8490.0,8610.0,8400.0,8410.0,11550.0,11810.0,11490.0,11685.0,4820.0,5156.0,4804.0,5156.0,41834.52,43358.49,41465.98,42631.37,25900.0,27130.0,25860.0,27000.0,4722.0,4794.0,4618.0,4688.0,2532.5,2557.5,2464.75,2518.75
2026-04-15,43870.0,44570.0,43360.0,43500.0,9820.82,9921.46,9185.09,9254.84,5960.0,6037.0,5625.0,5683.0,8630.0,8650.0,8140.0,8220.0,11985.0,11985.0,11455.0,11470.0,5456.0,5574.0,4758.0,4893.0,43328.61,44762.94,41047.63,41207.0,28000.0,28610.0,27440.0,27585.0,4723.0,4723.0,4424.0,4424.0,2593.75,2595.0,2387.75,2387.75
2026-04-16,44200.0,46150.0,44100.0,45820.0,9238.9,9384.38,9098.4,9343.53,5600.0,5959.0,5550.0,5951.0,8270.0,8380.0,8180.0,8370.0,11500.0,12240.0,11500.0,12240.0,4963.0,5000.0,4815.0,4956.0,41346.45,42133.34,40469.92,41854.44,28085.0,28800.0,27710.0,28625.0,4354.0,4609.0,4350.0,4572.0,2412.5,2537.5,2406.75,2535.0
2026-04-17,45120.0,45280.0,44010.0,44010.0,9267.8,9268.79,8976.84,9000.75,5903.0,5987.0,5756.0,5762.0,8370.0,8370.0,8170.0,8180.0,12210.0,12220.0,11960.0,11960.0,4854.0,4985.0,4810.0,4899.0,41346.45,41535.7,39792.6,39792.6,28900.0,29050.0,27870.0,27870.0,4591.0,4649.0,4433.0,4496.0,2512.5,2532.5,2463.0,2494.0
2026-04-20,43870.0,44490.0,43620.0,44250.0,9116.34,9137.26,8918.05,8928.01,5692.0,5898.0,5523.0,5529.0,8170.0,8250.0,8030.0,8050.0,12000.0,12050.0,11760.0,11780.0,4898.0,4970.0,4814.0,4817.0,40479.88,42222.98,40370.31,41954.05,27885.0,28055.0,27100.0,27100.0,4426.0,4538.0,4307.0,4307.0,2532.5,2578.75,2478.25,2494.0
2026-04-21,44740.0,46460.0,44670.0,45780.0,9037.62,9339.54,8964.88,9309.65,5577.0,5889.0,5574.0,5889.0,8120.0,8240.0,8120.0,8170.0,11805.0,12220.0,11780.0,12060.0,4804.0,4868.0,4713.0,4820.0,42282.75,44414.32,42173.18,44344.59,27430.0,27895.0,27120.0,27200.0,4370.0,4523.0,4360.0,4426.0,2575.0,2640.0,2547.5,2575.0
2026-04-22,45170.0,45540.0,45020.0,45500.0,9416.26,9426.23,9103.39,9215.98,5833.0,5989.0,5688.0,5985.0,8110.0,8110.0,7910.0,8030.0,11915.0,11965.0,11590.0,11730.0,4847.0,4874.0,4743.0,4855.0,44523.88,45340.65,43936.21,44623.49,27255.0,28360.0,27050.0,27900.0,4436.0,4444.0,4309.0,4405.0,2572.5,2690.0,2507.5,2675.0
2026-04-23,46150.0,46560.0,44950.0,45480.0,9254.84,9254.84,8737.7,8861.25,6119.0,6218.0,5780.0,5893.0,8010.0,8150.0,7910.0,8100.0,11855.0,12520.0,11675.0,12155.0,4995.0,5015.0,4605.0,4653.0,45310.77,45808.8,42930.19,43229.0,28500.0,29070.0,27615.0,27900.0,4503.0,4505.0,4153.0,4253.0,2701.25,2711.25,2498.75,2551.25
2026-04-24,45450.0,46110.0,45410.0,45850.0,9064.53,9271.78,8949.94,9036.62,5987.0,6100.0,5894.0,6037.0,8150.0,8200.0,8010.0,8120.0,12280.0,12380.0,12000.0,12210.0,4672.0,4746.0,4601.0,4625.0,44354.55,45768.96,44175.26,44882.46,28315.0,29460.0,27920.0,29440.0,4301.0,4377.0,4253.0,4295.0,2586.25,2601.25,2503.75,2503.75
2026-04-27,46460.0,47710.0,46300.0,47100.0,8962.89,9115.34,8856.27,8993.78,6037.0,6397.0,5993.0,6347.0,8240.0,8560.0,8200.0,8520.0,13090.0,13230.0,12800.0,13040.0,4600.0,4897.0,4576.0,4860.0,45420.34,46266.99,44822.7,45589.67,30500.0,32400.0,29390.0,31500.0,4275.0,4355.0,4209.0,4262.0,2490.5,2547.5,2485.0,2515.0
2026-04-28,46880.0,46970.0,45010.0,45150.0,9083.46,9207.02,9029.65,9136.27,6231.0,6321.0,6120.0,6281.0,8520.0,8680.0,8450.0,8680.0,13045.0,13145.0,12520.0,12650.0,4903.0,4956.0,4730.0,4824.0,44922.31,45908.41,43886.4,44155.34,30120.0,30710.0,29335.0,29750.0,4150.0,4346.0,4113.0,4290.0,2500.0,2547.5,2488.0,2547.5
2026-04-30,45000.0,45290.0,43980.0,44390.0,9011.71,9070.5,8872.21,9053.56,5981.0,6083.0,5916.0,5971.0,8550.0,8680.0,8450.0,8460.0,12885.0,13425.0,12725.0,13085.0,4810.0,4843.0,4707.0,4790.0,43199.12,44284.83,42352.47,42521.8,28880.0,29700.0,28190.0,28260.0,4272.0,4285.0,4158.0,4237.0,2557.5,2567.5,2507.5,2547.5
2026-05-01,47000.0,48190.0,46710.0,47450.0,8904.1,9045.59,8848.3,8899.12,5983.0,6027.0,5803.0,5808.0,8460.0,8540.0,8310.0,8460.0,12970.0,13650.0,12945.0,13180.0,4850.0,4873.0,4736.0,4770.0,43368.45,44344.59,40340.43,42760.86,28990.0,29160.0,27800.0,27815.0,4252.0,4314.0,4119.0,4119.0,2570.0,2580.0,2475.0,2475.0
2026-05-07,51180.0,51960.0,50240.0,51720.0,9416.27,9745.09,9375.41,9709.22,6300.0,6500.0,6225.0,6498.0,9000.0,9350.0,8910.0,9170.0,13760.0,14165.0,13675.0,14035.0,5015.0,5325.0,4948.0,5276.0,46008.01,46535.92,44205.14,44743.02,30100.0,30260.0,29715.0,29715.0,4469.0,4630.0,4459.0,4630.0,2677.5,2836.25,2677.5,2836.25
2026-05-08,51720.0,52650.0,51220.0,52450.0,9609.57,9852.7,9491.0,9653.42,6428.0,6582.0,6262.0,6582.0,8870.0,9380.0,8850.0,9350.0,14035.0,15050.0,14035.0,14800.0,5076.0,5416.0,5055.0,5416.0,44045.77,44484.04,42591.53,43597.55,29800.0,30070.0,29310.0,29885.0,4483.0,4603.0,4373.0,4487.0,2751.25,2827.5,2708.75,2826.25
2026-05-11,53500.0,53870.0,51870.0,52080.0,10213.41,11150.05,9884.59,11150.05,6780.0,6980.0,6634.0,6832.0,9500.0,9670.0,9160.0,9350.0,15330.0,15425.0,14645.0,15005.0,5546.0,5828.0,5426.0,5720.0,45121.52,45768.96,43308.69,43936.21,30410.0,30580.0,28780.0,28780.0,4557.0,4655.0,4343.0,4343.0,2912.5,2917.5,2802.5,2802.5
2026-05-12,53000.0,53000.0,51630.0,52160.0,12878.86,12878.86,11234.75,11354.32,7250.0,7770.0,7085.0,7624.0,9550.0,9600.0,9300.0,9500.0,14920.0,15235.0,14570.0,14925.0,5190.0,5386.0,4722.0,4762.0,45041.83,45470.14,42531.76,43318.65,29280.0,29405.0,28335.0,28705.0,4570.0,5043.0,4366.0,5043.0,3102.5,3186.25,2722.5,2912.5
2026-05-13,51510.0,51920.0,50830.0,51340.0,11309.48,11404.14,10866.07,11224.79,7324.0,7915.0,7303.0,7855.0,9350.0,9600.0,9310.0,9490.0,14920.0,15550.0,14850.0,15470.0,4482.0,4744.0,4300.0,4651.0,42621.41,42691.13,41236.88,42322.59,28080.0,28340.0,27665.0,28290.0,5118.0,5899.0,5105.0,5813.0,2837.5,3211.25,2770.0,3193.75
2026-05-14,51590.0,52730.0,51200.0,51200.0,11453.96,11882.43,11399.16,11503.79,7662.0,7933.0,6355.0,6355.0,9450.0,9590.0,9310.0,9440.0,15750.0,15880.0,15340.0,15435.0,4643.0,4832.0,4421.0,4447.0,42740.94,42970.03,40380.27,40400.2,28510.0,29940.0,28360.0,28615.0,5762.0,6015.0,5625.0,5722.0,3222.5,3257.5,2918.75,3026.25
2026-05-15,52150.0,52530.0,49480.0,50290.0,11727.98,11817.66,10587.07,10721.59,6418.0,6999.0,5725.0,5819.0,10940.0,10940.0,10680.0,10940.0,15570.0,15730.0,14840.0,15135.0,4517.0,4647.0,4144.0,4175.0,41027.71,41027.71,37880.16,38258.66,29015.0,29020.0,26140.0,26360.0,5950.0,6004.0,5333.0,5448.0,3050.0,3106.25,2713.75,2745.0
2026-05-18,50600.0,50900.0,48810.0,49260.0,10811.27,10856.11,10293.12,10352.91,5842.0,5969.0,5580.0,5653.0,11070.0,11280.0,10640.0,10910.0,14995.0,15135.0,14710.0,14775.0,4166.0,4285.0,4050.0,4050.0,38647.13,39185.0,37929.96,38039.53,26485.0,26580.0,25475.0,26150.0,5548.0,5706.0,5374.0,5484.0,2772.5,2933.75,2662.5,2845.0
2026-05-19,49960.0,49980.0,47160.0,47160.0,10432.62,10452.55,9885.58,10083.87,5600.0,5639.0,4660.0,4695.0,10980.0,11070.0,10410.0,10460.0,14895.0,15335.0,14495.0,14605.0,4041.0,4069.0,3810.0,3850.0,37939.93,38029.57,35409.94,35917.93,26150.0,26420.0,24860.0,25290.0,5320.0,5385.0,4960.0,5025.0,2827.5,2837.5,2662.5,2710.0
2026-05-20,46700.0,47220.0,45030.0,46100.0,9969.28,10049.0,9666.37,9908.5,4275.0,4516.0,4156.0,4295.0,10260.0,10500.0,10120.0,10340.0,14305.0,14500.0,13875.0,14065.0,3800.0,3895.0,3687.0,3779.0,36057.37,36137.06,34483.6,35509.54,25790.0,26145.0,25020.0,25625.0,4870.0,5207.0,4650.0,5086.0,2571.25,2692.5,2513.75,2631.25
2026-05-21,47650.0,48800.0,47450.0,48800.0,10357.89,10851.12,10293.12,10532.27,4550.0,4662.0,4315.0,4501.0,10640.0,10920.0,10520.0,10720.0,14610.0,15455.0,14515.0,15330.0,4000.0,4093.0,3915.0,3928.0,36904.02,38686.97,36575.32,37910.04,26625.0,27020.0,25995.0,26745.0,5201.0,5205.0,4913.0,4928.0,2706.25,2748.75,2586.25,2682.5
2026-05-22,49050.0,50220.0,48730.0,49830.0,10651.84,11130.12,10487.43,11065.36,4650.0,5031.0,4558.0,4850.0,10970.0,11270.0,10870.0,11050.0,15430.0,16685.0,15405.0,16280.0,3998.0,4101.0,3978.0,3994.0,38437.96,38826.42,37720.79,37979.77,26975.0,27120.0,26460.0,26845.0,5102.0,5435.0,5101.0,5365.0,2867.5,2972.5,2850.0,2955.0
2026-05-25,50530.0,52530.0,50030.0,52180.0,11309.48,11772.82,11194.89,11578.52,5360.0,5550.0,5151.0,5550.0,11050.0,11350.0,10850.0,10990.0,16830.0,17370.0,16640.0,17100.0,4235.0,4398.0,4187.0,4261.0,40141.22,43418.25,40131.26,42850.5,27245.0,28515.0,27150.0,27755.0,5648.0,5933.0,5592.0,5808.0,3041.25,3137.5,3027.5,3066.25
2026-05-26,53180.0,53190.0,50640.0,51420.0,11583.5,11757.88,11105.21,11130.12,5650.0,5653.0,5068.0,5329.0,11320.0,11340.0,10920.0,11100.0,17795.0,17800.0,16920.0,17275.0,4300.0,4330.0,4089.0,4195.0,42432.16,42701.09,40948.03,41515.78,28085.0,28090.0,25925.0,26075.0,5735.0,6105.0,5620.0,6014.0,3037.5,3042.5,2930.0,2985.0
2026-05-27,52870.0,54700.0,52500.0,52500.0,11523.72,11752.89,10975.68,10990.62,5500.0,5555.0,5035.0,5140.0,11400.0,11400.0,10770.0,10800.0,17675.0,17760.0,16315.0,16315.0,4305.0,4330.0,4022.0,4022.0,42820.62,43866.48,41366.37,41366.37,27200.0,27780.0,27015.0,27130.0,6103.0,6241.0,5557.0,5611.0,3123.75,3227.5,2996.25,3003.75
2026-05-28,52000.0,52730.0,51150.0,52320.0,10895.96,10955.75,10487.43,10861.09,4998.0,5196.0,4803.0,5017.0,10720.0,10820.0,10330.0,10710.0,15175.0,15365.0,14765.0,15155.0,3952.0,3994.0,3783.0,3900.0,40669.13,41127.32,38706.89,39951.97,26760.0,27195.0,25915.0,26340.0,5411.0,5535.0,5065.0,5200.0,2930.0,3018.75,2891.25,2988.75
2026-05-29,52780.0,53320.0,52030.0,52420.0,11100.23,11110.2,10621.95,10970.7,5044.0,5047.0,4668.0,4771.0,10640.0,10640.0,10070.0,10070.0,15460.0,15500.0,14850.0,15440.0,3880.0,3929.0,3746.0,3929.0,40649.21,40659.17,38776.61,39971.89,26380.0,26605.0,25670.0,26170.0,5240.0,5245.0,4915.0,5206.0,3023.75,3146.25,2963.75,3146.25
2026-06-01,53360.0,54740.0,52960.0,53060.0,10726.57,10955.75,10527.28,10641.87,4769.0,4895.0,4561.0,4677.0,9770.0,10110.0,9710.0,9910.0,15440.0,15900.0,15320.0,15560.0,3882.0,3957.0,3801.0,3822.0,39274.65,39683.03,38099.3,38228.79,25800.0,26170.0,25410.0,25675.0,5202.0,5466.0,5136.0,5213.0,3071.25,3325.0,3065.0,3295.0
2026-06-02,53060.0,53750.0,52180.0,53710.0,10527.29,10567.14,9929.43,10273.2,4607.0,4666.0,4351.0,4574.0,9810.0,9850.0,9340.0,9630.0,15160.0,15170.0,14280.0,14695.0,3851.0,3874.0,3533.0,3629.0,38208.86,39095.36,37700.87,39095.36,25810.0,26350.0,25275.0,26320.0,5114.0,5245.0,4802.0,5091.0,3220.0,3335.0,3078.75,3253.75
2026-06-03,56710.0,61420.0,56390.0,60900.0,10671.77,10836.18,10372.84,10651.84,4854.0,5163.0,4745.0,5001.0,9650.0,9710.0,9320.0,9510.0,14595.0,15035.0,14550.0,14750.0,3750.0,3933.0,3690.0,3869.0,40260.74,42631.37,39185.0,41605.43,27320.0,27970.0,26620.0,27660.0,5500.0,5612.0,5272.0,5310.0,3703.75,3712.5,3431.25,3491.25
2026-06-04,59900.0,63660.0,59900.0,63660.0,10532.27,10607.0,10238.32,10497.39,4831.0,4866.0,4610.0,4805.0,9360.0,9540.0,9300.0,9470.0,14750.0,15115.0,14655.0,14935.0,3864.0,4004.0,3836.0,3922.0,41336.49,43428.22,41067.56,42581.57,27380.0,28435.0,27160.0,28170.0,5299.0,5344.0,5005.0,5110.0,3461.25,3533.75,3316.25,3366.25
2026-06-05,62000.0,62210.0,58750.0,59450.0,10313.05,10402.73,9964.3,10382.8,4654.0,4825.0,4523.0,4747.0,9480.0,9950.0,9260.0,9820.0,14990.0,15370.0,14700.0,15325.0,3848.0,3921.0,3757.0,3760.0,41884.32,42302.67,40858.38,42013.81,27560.0,27590.0,26415.0,26765.0,4960.0,5114.0,4812.0,4905.0,3216.25,3325.0,3165.0,3252.5
2026-06-08,55650.0,56450.0,54650.0,55020.0,9336.55,9846.72,9331.57,9665.37,4386.0,4525.0,4337.0,4401.0,9220.0,9450.0,9030.0,9300.0,13870.0,14515.0,13730.0,13920.0,3480.0,3627.0,3435.0,3532.0,39224.84,40509.76,38607.28,38945.95,25100.0,25780.0,24860.0,25235.0,4485.0,4590.0,4360.0,4526.0,2931.25,3098.75,2926.25,3035.0
2026-06-09,57200.0,60860.0,56770.0,59920.0,9821.81,9905.51,9430.22,9868.64,4458.0,4557.0,4260.0,4499.0,9410.0,9410.0,9030.0,9330.0,14150.0,14230.0,13565.0,13975.0,3672.0,3697.0,3523.0,3555.0,40330.47,41157.2,39394.17,40320.51,25735.0,26595.0,25325.0,26330.0,4596.0,4685.0,4491.0,4650.0,3035.0,3077.5,2881.25,3010.0
2026-06-10,61110.0,65310.0,60810.0,61830.0,9585.66,9745.09,9220.97,9353.49,4320.0,4412.0,4118.0,4194.0,9180.0,9240.0,8800.0,8910.0,13500.0,13760.0,13055.0,13270.0,3500.0,3554.0,3341.0,3392.0,39812.52,42780.78,39503.74,40489.84,25490.0,26035.0,24910.0,25235.0,4440.0,4447.0,4022.0,4104.0,2865.0,2896.25,2608.75,2657.5
2026-06-11,61000.0,64070.0,60210.0,63400.0,8854.28,9537.83,8654.99,9467.08,4006.0,4162.0,3888.0,4142.0,8610.0,8880.0,8440.0,8850.0,12670.0,13320.0,12510.0,13305.0,3280.0,3425.0,3238.0,3341.0,38398.11,40310.55,37631.15,40041.61,24450.0,25475.0,24150.0,25175.0,3835.0,4146.0,3808.0,4078.0,2486.25,2617.5,2454.25,2562.5
2026-06-12,68400.0,71000.0,68000.0,68000.0,10019.11,10143.66,9821.81,9869.64,4352.0,4357.0,4136.0,4256.0,9000.0,9120.0,8860.0,8900.0,13905.0,13905.0,13350.0,13515.0,3470.0,3620.0,3373.0,3557.0,41834.52,44414.32,41655.23,43826.64,27205.0,27800.0,26940.0,27325.0,4325.0,4378.0,4087.0,4209.0,2740.0,2820.0,2721.25,2742.5
2026-06-15,74800.0,74800.0,72760.0,72760.0,10462.52,10631.91,10208.43,10552.2,4450.0,4492.0,4301.0,4346.0,9190.0,9350.0,9050.0,9310.0,14005.0,14405.0,13830.0,14360.0,3793.0,3842.0,3735.0,3766.0,45818.76,48448.36,45280.89,48109.7,28800.0,29620.0,28450.0,29420.0,4480.0,4570.0,4397.0,4397.0,2831.25,2910.0,2810.0,2882.5
2026-06-16,71510.0,73130.0,70820.0,70860.0,10492.41,10761.45,10377.82,10467.5,4400.0,4829.0,4308.0,4738.0,9400.0,9650.0,9340.0,9430.0,14425.0,14685.0,14265.0,14375.0,4200.0,4466.0,4135.0,4466.0,47412.46,48079.82,46266.99,46386.52,29600.0,31280.0,29510.0,30340.0,4500.0,4831.0,4358.0,4613.0,2877.5,3151.25,2868.75,3080.0
2026-06-17,69970.0,73220.0,69850.0,72640.0,10263.23,10691.7,10113.77,10666.79,4600.0,4763.0,4562.0,4729.0,9730.0,10030.0,9510.0,10020.0,14245.0,14490.0,14070.0,14355.0,4470.0,4545.0,4280.0,4366.0,45689.27,52771.26,45589.67,52492.36,29640.0,31170.0,29585.0,30060.0,4490.0,4766.0,4490.0,4744.0,3000.0,3103.75,2983.75,3075.0
2026-06-18,73870.0,76650.0,73100.0,76080.0,10821.23,11140.09,10806.29,10990.62,4791.0,4910.0,4461.0,4461.0,10100.0,10430.0,10080.0,10220.0,14380.0,14965.0,14370.0,14635.0,4436.0,4512.0,4264.0,4370.0,53488.42,57104.12,51705.47,56227.59,29855.0,30670.0,29720.0,30300.0,4812.0,4899.0,4629.0,4636.0,3068.75,3117.5,2981.25,3050.0
2026-06-19,77580.0,77600.0,73920.0,75360.0,11194.89,11394.18,10970.7,11085.29,5161.0,5161.0,5161.0,5161.0,10500.0,11030.0,10500.0,10740.0,14935.0,15080.0,14525.0,14665.0,4580.0,4779.0,4502.0,4747.0,57273.45,58349.2,53647.79,54882.91,31210.0,32000.0,31070.0,31740.0,5336.0,5336.0,5276.0,5336.0,3500.0,3576.25,3307.5,3371.25
2026-06-22,73990.0,77850.0,73980.0,77800.0,11060.37,11508.77,11005.57,11374.25,6161.0,6161.0,6161.0,6161.0,10720.0,11140.0,10630.0,11040.0,14625.0,15030.0,14420.0,14905.0,4981.0,5389.0,4938.0,5335.0,54584.09,57323.25,54155.78,57263.49,31460.0,32600.0,31120.0,32170.0,5450.0,5879.0,5428.0,5800.0,3423.75,3485.0,3311.25,3375.0
2026-06-23,77500.0,79800.0,72960.0,72960.0,11458.95,11478.88,10816.25,10866.07,7023.0,7068.0,6314.0,6487.0,11080.0,11130.0,10390.0,10390.0,15145.0,15315.0,14525.0,14600.0,5351.0,5414.0,4702.0,4733.0,57044.36,58259.55,51635.75,51795.12,32430.0,33260.0,31430.0,31430.0,5800.0,5824.0,4848.0,4900.0,3525.0,3586.25,3120.0,3148.75
2026-06-24,71760.0,73360.0,68620.0,69900.0,10567.14,11179.95,10512.34,10890.98,6400.0,6568.0,6138.0,6313.0,10310.0,10560.0,10140.0,10320.0,14590.0,14855.0,14415.0,14690.0,4734.0,4880.0,4522.0,4633.0,52332.99,52731.42,49793.04,50410.6,31100.0,31780.0,30420.0,31200.0,4900.0,4946.0,4600.0,4803.0,3077.5,3126.25,2971.25,3056.25
2026-06-25,72400.0,75850.0,71900.0,75340.0,11488.84,11797.73,11299.52,11473.89,6613.0,6649.0,6302.0,6436.0,10450.0,10530.0,10240.0,10310.0,14900.0,14995.0,14290.0,14290.0,4899.0,4980.0,4714.0,4887.0,52402.72,53229.45,50669.57,52970.47,33100.0,35940.0,32820.0,35900.0,5000.0,5050.0,4798.0,4992.0,3153.75,3167.5,3025.0,3060.0
2026-06-26,72560.0,74430.0,71120.0,72920.0,11369.27,11538.66,10940.8,11165.0,6360.0,6579.0,6066.0,6131.0,10200.0,10340.0,9650.0,9750.0,14225.0,14330.0,13325.0,13680.0,4768.0,4866.0,4481.0,4553.0,51386.74,52313.07,49065.92,49803.0,34500.0,35350.0,31720.0,32440.0,4905.0,4917.0,4462.0,4528.0,3121.25,3148.75,2951.25,2983.75
2026-06-29,73500.0,74700.0,70670.0,74700.0,11220.0,11230.0,10585.0,11165.0,6127.0,6166.0,5611.0,5885.0,9810.0,9890.0,9360.0,9870.0,13715.0,13755.0,13000.0,13720.0,4594.0,4596.0,4180.0,4470.0,50400.0,50480.0,46570.0,49200.0,32920.0,32930.0,30450.0,31950.0,4532.0,4545.0,4254.0,4419.0,2960.0,2979.0,2768.0,2894.5
2026-06-30,76980.0,80500.0,74730.0,77150.0,11350.0,11495.0,10995.0,11320.0,6085.0,6320.0,6039.0,6238.0,9890.0,9920.0,9670.0,9770.0,13900.0,13995.0,13380.0,13515.0,4492.0,4525.0,4345.0,4398.0,50600.0,50910.0,48710.0,49700.0,32700.0,33010.0,31510.0,32340.0,4750.0,4829.0,4589.0,4730.0,2948.0,3019.0,2882.0,2927.0
2026-07-01,78650.0,81260.0,76690.0,78800.0,11555.0,11600.0,11245.0,11380.0,6350.0,6431.0,5802.0,5826.0,10070.0,10260.0,9970.0,9970.0,13815.0,14445.0,13660.0,14095.0,4499.0,4518.0,4183.0,4219.0,52180.0,54080.0,50380.0,50790.0,33930.0,34200.0,32000.0,32000.0,4870.0,4870.0,4218.0,4351.0,3017.0,3017.0,2810.5,2834.0
2026-07-02,74300.0,75740.0,72940.0,72940.0,10960.0,10970.0,10485.0,10640.0,5500.0,5555.0,5361.0,5368.0,9790.0,10020.0,9380.0,9480.0,13290.0,13580.0,13165.0,13430.0,4041.0,4179.0,3941.0,4048.0,47690.0,49030.0,46950.0,47740.0,30400.0,30650.0,28815.0,28815.0,4225.0,4225.0,3925.0,3976.0,2780.5,2783.5,2640.0,2688.5
2026-07-03,69940.0,73830.0,68970.0,73200.0,10355.0,10855.0,9955.0,10855.0,5100.0,5379.0,5006.0,5358.0,9330.0,9780.0,9270.0,9780.0,13050.0,13540.0,12960.0,13540.0,3946.0,4109.0,3886.0,4085.0,46000.0,47650.0,44340.0,47650.0,28110.0,29385.0,27665.0,29345.0,3880.0,4015.0,3711.0,4000.0,2567.5,2688.0,2509.0,2664.0
2026-07-06,74090.0,75290.0,70670.0,72320.0,10865.0,10895.0,10285.0,10470.0,5299.0,5452.0,5221.0,5354.0,9800.0,9860.0,9390.0,9510.0,13610.0,13800.0,13340.0,13480.0,4095.0,4119.0,3937.0,4022.0,47740.0,48490.0,45550.0,47040.0,29845.0,30230.0,28735.0,29565.0,3880.0,3998.0,3793.0,3888.0,2668.0,2696.0,2557.0,2592.5
2026-07-07,71710.0,73090.0,69130.0,69470.0,10380.0,10545.0,9955.0,10060.0,5254.0,5370.0,5050.0,5072.0,9410.0,9500.0,9160.0,9290.0,13325.0,13425.0,13070.0,13215.0,4048.0,4169.0,3810.0,3855.0,45990.0,46050.0,43420.0,44050.0,29200.0,30120.0,28625.0,28900.0,3860.0,3900.0,3656.0,3674.0,2556.0,2620.0,2423.5,2443.0
2026-07-08,67470.0,69600.0,66560.0,67350.0,9803.0,10145.0,9729.0,9822.0,4910.0,5106.0,4816.0,4824.0,8990.0,9270.0,8870.0,8870.0,12810.0,13295.0,12770.0,12920.0,3715.0,3884.0,3681.0,3681.0,42650.0,44300.0,42000.0,42000.0,28010.0,29375.0,27545.0,27545.0,3534.0,3720.0,3442.0,3541.0,2358.0,2454.0,2289.0,2361.5
2026-07-09,69900.0,71540.0,69300.0,71060.0,10200.0,10300.0,10025.0,10125.0,4961.0,5209.0,4904.0,4938.0,9020.0,9100.0,8960.0,9050.0,13175.0,13400.0,12805.0,12975.0,3836.0,3910.0,3787.0,3870.0,43030.0,43850.0,41810.0,43020.0,28900.0,29820.0,28785.0,29160.0,3611.0,3687.0,3507.0,3543.0,2448.0,2487.0,2371.0,2401.0
2026-07-10,72900.0,74550.0,71610.0,72940.0,10355.0,10650.0,10270.0,10365.0,5125.0,5437.0,5095.0,5150.0,9110.0,9240.0,9010.0,9070.0,13275.0,13290.0,12935.0,13030.0,4000.0,4024.0,3882.0,3962.0,44080.0,45480.0,43470.0,44380.0,30160.0,30580.0,29640.0,29830.0,3730.0,3846.0,3719.0,3725.0,2588.0,2624.0,2525.0,2582.0
2026-07-13,71900.0,74470.0,69940.0,71300.0,10315.0,10945.0,10200.0,10350.0,5134.0,5380.0,4915.0,5007.0,9100.0,9220.0,8740.0,8930.0,13075.0,13360.0,12675.0,12820.0,3892.0,4000.0,3751.0,3836.0,44130.0,47680.0,44020.0,44770.0,29500.0,30020.0,28415.0,28820.0,3697.0,3933.0,3566.0,3589.0,2571.0,2620.5,2446.5,2486.0
2026-07-14,69800.0,72140.0,68680.0,71130.0,10225.0,10735.0,9931.0,10670.0,4800.0,4820.0,4564.0,4800.0,8880.0,8930.0,8610.0,8770.0,12765.0,12830.0,12400.0,12760.0,3800.0,3897.0,3698.0,3897.0,44560.0,45230.0,43400.0,45100.0,28320.0,29780.0,28230.0,29775.0,3500.0,3568.0,3357.0,3520.0,2451.5,2469.5,2388.0,2458.5
2026-07-15,71900.0,74810.0,70780.0,74240.0,10890.0,11265.0,10755.0,11245.0,4948.0,5149.0,4834.0,5145.0,8900.0,9110.0,8750.0,9060.0,12870.0,12965.0,12570.0,12950.0,4000.0,4148.0,3975.0,4134.0,47060.0,50940.0,46830.0,49690.0,30180.0,31550.0,29730.0,31510.0,3679.0,3793.0,3550.0,3766.0,2495.0,2538.0,2456.5,2532.0
2026-07-16,71240.0,71680.0,68840.0,70890.0,10910.0,10980.0,10400.0,10465.0,5000.0,5004.0,4738.0,4761.0,8970.0,9030.0,8790.0,8790.0,12750.0,12830.0,12605.0,12695.0,3981.0,3982.0,3808.0,3852.0,47150.0,47860.0,45330.0,46370.0,30670.0,30770.0,29050.0,29640.0,3595.0,3600.0,3455.0,3474.0,2423.5,2424.0,2327.5,2397.5
2026-07-17,67000.0,67080.0,63150.0,65100.0,10165.0,10320.0,9510.0,9883.0,4561.0,4611.0,4280.0,4472.0,8660.0,8780.0,8120.0,8470.0,12395.0,12425.0,11705.0,12110.0,3660.0,3661.0,3361.0,3558.0,43000.0,43280.0,39850.0,41890.0,28140.0,28150.0,26000.0,27505.0,3301.0,3309.0,3079.0,3262.0,2300.0,2315.0,2151.5,2249.0
2026-07-21,64350.0,66570.0,64200.0,66570.0,10000.0,10115.0,9709.0,10045.0,4542.0,4707.0,4472.0,4672.0,8620.0,8790.0,8500.0,8760.0,12410.0,12685.0,12120.0,12575.0,3559.0,3681.0,3470.0,3665.0,41900.0,42810.0,40050.0,42670.0,28005.0,29825.0,27530.0,29630.0,3332.0,3429.0,3208.0,3419.0,2299.0,2340.0,2253.5,2336.5
2026-07-22,69570.0,69780.0,65550.0,65960.0,10345.0,10730.0,10260.0,10290.0,4954.0,5026.0,4741.0,4751.0,8990.0,9280.0,8870.0,8970.0,13045.0,13275.0,12890.0,12935.0,3800.0,3940.0,3740.0,3771.0,44770.0,45000.0,42720.0,42990.0,30880.0,31580.0,29535.0,29585.0,3699.0,3725.0,3518.0,3525.0,2536.5,2564.0,2442.0,2451.0
2026-07-23,66470.0,68700.0,65910.0,65950.0,10490.0,10775.0,10370.0,10580.0,4888.0,4935.0,4652.0,4727.0,9030.0,9160.0,8990.0,9090.0,13125.0,13295.0,12940.0,13180.0,3908.0,3987.0,3793.0,3946.0,45000.0,46790.0,44740.0,45130.0,30630.0,31540.0,30320.0,30800.0,3621.0,3675.0,3460.0,3513.0,2480.0,2537.0,2452.5,2512.0
2026-07-24,64950.0,65410.0,61210.0,62660.0,10280.0,10365.0,9967.0,10050.0,4659.0,4740.0,4511.0,4593.0,8870.0,9050.0,8870.0,9020.0,12995.0,13030.0,12745.0,12925.0,3876.0,3934.0,3707.0,3770.0,44810.0,45500.0,42630.0,43170.0,30100.0,30270.0,28445.0,28945.0,3450.0,3469.0,3340.0,3388.0,2464.0,2474.0,2412.0,2469.0
2026-07-27,63660.0,64100.0,61660.0,62800.0,10055.0,10110.0,9699.0,9950.0,4532.0,4565.0,4233.0,4325.0,9020.0,9090.0,8750.0,9050.0,13125.0,13125.0,12605.0,12985.0,3801.0,3804.0,3658.0,3788.0,43870.0,44380.0,42800.0,43560.0,29400.0,29590.0,27800.0,28380.0,3350.0,3391.0,3170.0,3277.0,2419.0,2429.0,2308.0,2355.0
2026-07-28,56530.0,57610.0,55400.0,55920.0,9360.0,9398.0,8965.0,8989.0,4199.0,4216.0,4013.0,4073.0,8900.0,8900.0,8350.0,8370.0,12685.0,12700.0,12165.0,12420.0,3529.0,3554.0,3404.0,3430.0,40000.0,40060.0,37110.0,37440.0,26480.0,26485.0,25250.0,25510.0,3100.0,3131.0,2928.0,3008.0,2240.0,2273.5,2167.5,2187.5
2026-07-29,53920.0,55630.0,48580.0,50000.0,8967.0,9188.0,8181.0,8356.0,4003.0,4129.0,3665.0,3760.0,8310.0,8370.0,7800.0,7990.0,12450.0,12460.0,11675.0,12045.0,3490.0,3607.0,3242.0,3331.0,37450.0,38410.0,33330.0,34330.0,26000.0,27520.0,24135.0,25200.0,3009.0,3048.0,2646.0,2772.5,2137.5,2197.0,2002.5,2072.0
2026-07-30,49000.0,53820.0,48650.0,52240.0,8306.0,8873.0,7967.0,8397.0,3750.0,3927.0,3690.0,3720.0,7870.0,8440.0,7850.0,8360.0,11875.0,12850.0,11810.0,12695.0,3282.0,3418.0,3218.0,3340.0,34350.0,35860.0,33200.0,33620.0,28480.0,29425.0,27380.0,27935.0,2762.0,2930.5,2678.0,2777.5,2040.5,2175.5,2013.0,2109.5
2026-07-31,59240.0,59250.0,54220.0,55500.0,8997.0,9415.0,8830.0,8882.0,4210.0,4339.0,4130.0,4172.0,8960.0,9620.0,8740.0,9620.0,15095.0,15100.0,14025.0,14285.0,3735.0,3930.0,3657.0,3797.0,38520.0,39000.0,37190.0,37910.0,32540.0,32940.0,31570.0,32500.0,3168.0,3278.0,3095.0,3145.0,2450.0,2450.0,2116.5,2184.0
2026-08-03,53900.0,55550.0,52550.0,54990.0,8732.0,9030.0,8610.0,8872.0,4079.0,4325.0,4008.0,4290.0,10060.0,10730.0,9980.0,10440.0,14010.0,14475.0,13825.0,14130.0,3593.0,3860.0,3577.0,3844.0,37210.0,41520.0,37200.0,40910.0,31800.0,32780.0,31100.0,31430.0,2935.0,3233.0,2929.5,3200.0,2006.5,2075.0,1973.0,2062.5
2026-08-04,55880.0,56740.0,53400.0,56700.0,8963.0,9270.0,8883.0,9182.0,4324.0,4657.0,4268.0,4628.0,10570.0,10810.0,10170.0,10690.0,14110.0,14390.0,13625.0,14095.0,3805.0,4015.0,3792.0,3971.0,41520.0,44100.0,40870.0,44100.0,31820.0,32420.0,30080.0,31000.0,3250.0,3585.0,3205.0,3566.0,2058.0,2165.5,2045.5,2161.5
2026-08-05,59000.0,59700.0,58300.0,58550.0,9580.0,9858.0,9523.0,9705.0,4830.0,5110.0,4799.0,5073.0,11120.0,11610.0,10790.0,11250.0,14540.0,15240.0,14225.0,15000.0,4111.0,4350.0,4083.0,4350.0,45140.0,46870.0,44560.0,46680.0,32500.0,33840.0,32390.0,33720.0,3846.0,3976.0,3781.0,3919.0,2352.0,2395.0,2294.0,2371.5
2026-08-06,56550.0,56800.0,54800.0,55330.0,9555.0,9599.0,8803.0,8910.0,4833.0,4917.0,4566.0,4596.0,11210.0,11470.0,10810.0,11140.0,14945.0,15065.0,14300.0,14330.0,4290.0,4317.0,4055.0,4142.0,45280.0,45850.0,43250.0,43330.0,32500.0,33200.0,31910.0,32930.0,3781.0,4085.0,3436.0,3909.0,2234.0,2283.0,2145.0,2158.5
2026-08-07,56330.0,56850.0,53250.0,54500.0,8950.0,9077.0,8505.0,8800.0,4650.0,5280.0,4380.0,5185.0,11110.0,11230.0,10670.0,10850.0,14400.0,14755.0,14055.0,14630.0,4045.0,4119.0,3742.0,3886.0,40000.0,40410.0,37040.0,37460.0,32910.0,33150.0,31110.0,32190.0,3979.0,4068.0,3588.0,3856.0,2159.0,2178.5,2057.5,2129.5
2026-08-10,55800.0,56760.0,55600.0,56750.0,9049.0,9250.0,8943.0,9025.0,5210.0,5730.0,5122.0,5580.0,10850.0,11200.0,10780.0,10790.0,14930.0,15190.0,14630.0,14630.0,3892.0,3959.0,3816.0,3845.0,38160.0,39930.0,37740.0,39590.0,32890.0,34260.0,32710.0,34260.0,3926.0,4251.0,3907.0,3952.0,2200.5,2253.0,2153.5,2161.0
2026-08-12,56350.0,58300.0,55920.0,58230.0,9054.0,9440.0,8960.0,9336.0,5386.0,5800.0,5306.0,5800.0,10930.0,11420.0,10800.0,11400.0,14680.0,14725.0,14320.0,14490.0,3810.0,3900.0,3746.0,3900.0,39240.0,39460.0,38220.0,38980.0,34080.0,35130.0,33500.0,34550.0,3812.0,4234.0,3768.0,4222.0,2116.0,2287.0,2101.0,2270.0
2026-08-13,59660.0,60690.0,58620.0,59470.0,9486.0,9743.0,9456.0,9688.0,5895.0,5990.0,5725.0,5760.0,11490.0,11970.0,11350.0,11880.0,14990.0,15085.0,14760.0,14970.0,3944.0,4002.0,3856.0,3861.0,40470.0,41580.0,40140.0,40490.0,36300.0,37040.0,35650.0,35940.0,4250.0,4335.0,4095.0,4111.0,2301.5,2401.5,2295.0,2334.5
2026-08-14,61500.0,61650.0,59000.0,59130.0,9776.0,10050.0,9328.0,9360.0,5780.0,5868.0,5632.0,5665.0,12000.0,12520.0,12000.0,12370.0,15185.0,15230.0,14690.0,14900.0,3893.0,3920.0,3785.0,3785.0,41530.0,41680.0,38400.0,38820.0,38350.0,38730.0,36370.0,36870.0,4108.0,4157.0,3989.0,4057.0,2384.0,2403.0,2346.0,2386.0
2026-08-17,59270.0,60430.0,59010.0,60090.0,9367.0,9613.0,9343.0,9577.0,5750.0,6078.0,5720.0,6078.0,12470.0,12700.0,12340.0,12660.0,14880.0,15075.0,14710.0,14970.0,3870.0,4009.0,3816.0,4000.0,38800.0,39280.0,38120.0,39260.0,36900.0,38590.0,36900.0,37780.0,4170.0,4300.0,4024.0,4298.0,2384.0,2473.5,2352.0,2473.0
2026-08-18,60110.0,60300.0,56380.0,56380.0,9700.0,9738.0,9202.0,9213.0,6100.0,6433.0,5872.0,5902.0,12500.0,12760.0,12080.0,12250.0,14775.0,15075.0,14205.0,14410.0,4070.0,4135.0,3814.0,3814.0,39290.0,39580.0,36710.0,37020.0,37560.0,37590.0,35800.0,35860.0,4288.0,4632.0,4236.0,4368.0,2561.0,2584.0,2402.5,2419.5
2026-08-19,53570.0,55640.0,53430.0,54660.0,8735.0,8957.0,8666.0,8772.0,5502.0,5627.0,5292.0,5328.0,11590.0,11870.0,11230.0,11310.0,13585.0,13795.0,13395.0,13505.0,3607.0,3707.0,3527.0,3561.0,34920.0,36040.0,34610.0,35210.0,34200.0,36300.0,33930.0,35020.0,4088.0,4113.0,3755.0,3770.0,2252.0,2282.5,2186.0,2210.0
2026-08-20,54020.0,54180.0,53080.0,54020.0,8845.0,8906.0,8705.0,8864.0,5347.0,5478.0,5201.0,5341.0,11260.0,11480.0,11110.0,11230.0,13590.0,13690.0,13370.0,13635.0,3604.0,3653.0,3557.0,3624.0,34750.0,35110.0,34220.0,34930.0,35720.0,36020.0,34340.0,35360.0,3771.0,3911.0,3680.0,3864.0,2200.0,2228.5,2170.5,2218.5
2026-08-21,53020.0,54770.0,52910.0,54290.0,8647.0,8764.0,8545.0,8696.0,5200.0,5422.0,5144.0,5280.0,11110.0,11680.0,10940.0,11480.0,13630.0,14050.0,13440.0,13885.0,3534.0,3610.0,3513.0,3591.0,34230.0,35280.0,33760.0,35120.0,34660.0,35970.0,34660.0,35900.0,3752.0,3929.0,3752.0,3818.0,2138.0,2213.5,2135.0,2178.5
2026-08-24,55200.0,55950.0,54230.0,55150.0,8676.0,8795.0,8586.0,8630.0,5276.0,5325.0,4973.0,5016.0,11550.0,12010.0,11280.0,11660.0,13885.0,14145.0,13520.0,14065.0,3690.0,3885.0,3643.0,3786.0,35500.0,35660.0,34200.0,34810.0,35670.0,35890.0,34500.0,34500.0,3769.0,3859.0,3585.0,3625.0,2183.5,2204.0,2138.0,2151.5
2026-08-25,54150.0,55670.0,53390.0,55410.0,8538.0,8800.0,8419.0,8729.0,4995.0,5357.0,4968.0,5292.0,11450.0,11690.0,11300.0,11580.0,14000.0,14030.0,13750.0,14010.0,3722.0,3837.0,3676.0,3820.0,33910.0,35230.0,33260.0,34950.0,33900.0,34640.0,32610.0,34450.0,3621.0,4000.0,3601.0,4000.0,2130.0,2211.5,2121.0,2199.5
2026-08-26,54510.0,55590.0,53690.0,55500.0,8676.0,8767.0,8564.0,8730.0,5210.0,5353.0,5110.0,5305.0,11680.0,11870.0,11480.0,11750.0,14000.0,14065.0,13800.0,13965.0,3800.0,3854.0,3740.0,3850.0,34250.0,34900.0,33440.0,34620.0,33650.0,35910.0,33400.0,35700.0,3930.0,3950.0,3816.0,3905.0,2188.0,2233.0,2179.0,2211.5
2026-08-27,57000.0,57530.0,54920.0,56000.0,8900.0,8956.0,8640.0,8780.0,5470.0,5558.0,5310.0,5500.0,12050.0,12290.0,11820.0,11960.0,14145.0,14405.0,13965.0,14230.0,3900.0,3907.0,3722.0,3792.0,35220.0,35410.0,33680.0,34610.0,36020.0,36120.0,34330.0,34610.0,4097.0,4120.0,3894.0,4089.0,2248.0,2281.5,2194.5,2255.0
2026-08-28,56920.0,57520.0,55900.0,56230.0,8770.0,8856.0,8585.0,8609.0,5401.0,5485.0,5301.0,5340.0,11950.0,12110.0,11700.0,11720.0,14140.0,14290.0,13815.0,13815.0,3829.0,3888.0,3794.0,3810.0,34590.0,35430.0,34500.0,34640.0,34590.0,35600.0,34230.0,35270.0,4019.0,4072.0,3883.0,3903.0,2205.0,2232.0,2165.5,2180.0
